domain_id,target_id,casp_round,pdb_id,chain_id,should_use,qc_reason,reference_coverage,mapping_identity,mapping_coverage,target_length,n_models_attempted,n_models_success,best_model_by_lddt_ca,best_lddt_ca,mean_lddt_ca_across_models,best_model_by_gdt_ts,best_gdt_ts,mean_gdt_ts_across_models,best_model_by_tm_score,best_tm_score,mean_tm_score_across_models
T0272s2,T0272s2,CASP16,9C3C,a,Check,multiple equivalent chains match,0.972393,1.000000,0.898072,363,3,3,,,,,,,,,
T0272s3,T0272s3,CASP16,9C3C,b,Check,multiple equivalent chains match,0.823899,1.000000,1.000000,318,3,3,,,,,,,,,
T0272s4,T0272s4,CASP16,9C3C,d,Check,multiple equivalent chains match,0.930796,1.000000,1.000000,289,3,3,,,,,,,,,
T0272s5,T0272s5,CASP16,9C3C,g,Check,multiple equivalent chains match,0.907216,1.000000,1.000000,291,3,3,,,,,,,,,
T0272s6,T0272s6,CASP16,9C3C,A,Check,reference coverage below threshold 0.641,0.641026,1.000000,1.000000,624,3,3,,,,,,,,,
T0272s7,T0272s7,CASP16,9C3C,B,No,chain mapping below threshold identity=1.000 coverage=0.599,1.000000,1.000000,0.599174,242,3,3,,,,,,,,,
T0272s8,T0272s8,CASP16,9C3C,V,Check,reference coverage below threshold 0.356; multiple equivalent chains match,0.355746,1.000000,1.000000,818,3,2,,,,,,,,,
T0272s9,T0272s9,CASP16,9C3C,n,Check,reference coverage below threshold 0.735; multiple equivalent chains match,0.735294,1.000000,1.000000,238,3,3,,,,,,,,,
T1104,T1104,CASP15,7ROA,A,Yes,prefiltered A1 protein target with mapped residue range,0.871212,1.000000,1.000000,117,3,3,,,,,,,,,
T1106s1,T1106s1,CASP15,7QIH,B,No,chain mapping below threshold identity=1.000 coverage=0.615; multiple equivalent chains match,0.946667,1.000000,0.614754,122,3,3,,,,,,,,,
T1106s2,T1106s2,CASP15,7QIH,A,Check,multiple equivalent chains match,0.909836,1.000000,1.000000,114,3,3,,,,,,,,,
T1112,T1112,CASP15,8ORK,AAA,Check,multiple equivalent chains match,0.973913,1.000000,1.000000,460,3,3,,,,,,,,,
T1114s1,T1114s1,CASP15,7UTD,Q,No,chain mapping below threshold identity=1.000 coverage=0.317; multiple equivalent chains match,0.983333,1.000000,0.317460,189,3,3,,,,,,,,,
T1114s2,T1114s2,CASP15,7UTD,B,Check,multiple equivalent chains match,0.872629,1.000000,1.000000,369,3,3,,,,,,,,,
T1114s3,T1114s3,CASP15,7UTD,A,Check,multiple equivalent chains match,0.998051,1.000000,0.958879,535,3,3,,,,,,,,,
T1120,T1120,CASP15,7QVB,B,Check,multiple equivalent chains match,0.970213,1.000000,1.000000,235,3,3,,,,,,,,,
T1122,T1122,CASP15,8BBT,A,Yes,prefiltered A1 protein target with mapped residue range,0.954357,1.000000,1.000000,241,3,3,,,,,,,,,
T1129s2,T1129s2,CASP15,8A8C,B,Yes,prefiltered A1 protein target with mapped residue range,0.825000,1.000000,1.000000,640,3,3,,,,,,,,,
T1133,T1133,CASP15,8DYS,A,Check,reference coverage below threshold 0.699,0.699145,1.000000,1.000000,585,3,3,,,,,,,,,
T1134s1,T1134s1,CASP15,7UBZ,A,Check,multiple equivalent chains match,1.000000,1.000000,1.000000,230,3,3,,,,,,,,,
T1134s2,T1134s2,CASP15,7UBZ,D,Check,reference coverage below threshold 0.645; multiple equivalent chains match,0.645367,1.000000,1.000000,313,3,3,,,,,,,,,
T1137s1,T1137s1,CASP15,8FEF,A,Yes,prefiltered A1 protein target with mapped residue range,0.958435,1.000000,1.000000,409,3,3,,,,,,,,,
T1137s2,T1137s2,CASP15,8FEF,B,Yes,prefiltered A1 protein target with mapped residue range,0.976676,1.000000,1.000000,343,3,3,,,,,,,,,
T1137s3,T1137s3,CASP15,8FEF,C,Check,reference coverage below threshold 0.592,0.591603,1.000000,1.000000,524,3,3,,,,,,,,,
T1137s4,T1137s4,CASP15,8FEF,D,Check,reference coverage below threshold 0.704,0.703839,1.000000,1.000000,547,3,3,,,,,,,,,
T1137s5,T1137s5,CASP15,8FEF,E,Yes,prefiltered A1 protein target with mapped residue range,0.917949,1.000000,1.000000,390,3,3,,,,,,,,,
T1137s6,T1137s6,CASP15,8FEF,F,Check,reference coverage below threshold 0.770,0.770270,1.000000,1.000000,518,3,3,,,,,,,,,
T1137s7,T1137s7,CASP15,8FEF,G,Check,reference coverage below threshold 0.458; multiple equivalent chains match,0.457887,1.000000,1.000000,653,3,3,,,,,,,,,
T1137s8,T1137s8,CASP15,8FEF,I,Yes,prefiltered A1 protein target with mapped residue range,0.951128,1.000000,1.000000,266,3,3,,,,,,,,,
T1137s9,T1137s9,CASP15,8FEF,J,Yes,prefiltered A1 protein target with mapped residue range,0.910035,1.000000,1.000000,289,3,3,,,,,,,,,
T1145,T1145,CASP15,7UWW,A,Check,multiple equivalent chains match,0.995276,1.000000,1.000000,635,3,3,,,,,,,,,
T1147,T1147,CASP15,8EM5,A,Check,multiple equivalent chains match,0.893204,1.000000,1.000000,103,3,3,,,,,,,,,
T1151s2,T1151s2,CASP15,8D5V,A,Check,reference coverage below threshold 0.724; multiple equivalent chains match,0.724138,1.000000,1.000000,116,3,3,,,,,,,,,
T1155,T1155,CASP15,8PBV,A,Yes,prefiltered A1 protein target with mapped residue range,1.000000,1.000000,1.000000,116,3,3,,,,,,,,,
T1157s2,T1157s2,CASP15,8PKO,B,Yes,prefiltered A1 protein target with mapped residue range,0.937374,1.000000,1.000000,495,3,3,,,,,,,,,
T1159,T1159,CASP15,7PZT,A,Check,multiple equivalent chains match,1.000000,1.000000,1.000000,160,3,3,,,,,,,,,
T1183,T1183,CASP15,8IFX,B,Yes,prefiltered A1 protein target with mapped residue range,0.975000,1.000000,1.000000,200,3,3,,,,,,,,,
T1185s1,T1185s1,CASP15,8OUY,A,Check,reference coverage below threshold 0.200,0.200000,1.000000,1.000000,350,3,3,,,,,,,,,
T1185s2,T1185s2,CASP15,8OUY,B,Yes,prefiltered A1 protein target with mapped residue range,0.832447,1.000000,1.000000,376,3,3,,,,,,,,,
T1185s4,T1185s4,CASP15,8OUY,D,Yes,prefiltered A1 protein target with mapped residue range,0.838710,1.000000,0.996429,280,3,3,,,,,,,,,
T1194,T1194,CASP15,8OKH,A,Check,multiple equivalent chains match,0.982036,1.000000,0.994048,168,3,3,,,,,,,,,
T1212,T1212,CASP16,9B0L,P,Check,multiple equivalent chains match,1.000000,1.000000,1.000000,466,3,3,,,,,,,,,
T1227s1,T1227s1,CASP16,9N8W,A,Yes,prefiltered A1 protein target with mapped residue range,0.918033,1.000000,1.000000,427,3,3,,,,,,,,,
T1266,T1266,CASP16,8QFB,A,Check,multiple equivalent chains match,0.886905,1.000000,1.000000,336,3,3,,,,,,,,,
T1272s2,T1272s2,CASP16,9C3C,a,Check,multiple equivalent chains match,0.972393,1.000000,0.898072,363,3,3,,,,,,,,,
T1272s3,T1272s3,CASP16,9C3C,b,Check,multiple equivalent chains match,0.823899,1.000000,1.000000,318,3,3,,,,,,,,,
T1272s4,T1272s4,CASP16,9C3C,d,Check,multiple equivalent chains match,0.930796,1.000000,1.000000,289,3,3,,,,,,,,,
T1272s5,T1272s5,CASP16,9C3C,g,Check,multiple equivalent chains match,0.907216,1.000000,1.000000,291,3,3,,,,,,,,,
T1272s6,T1272s6,CASP16,9C3C,A,Check,reference coverage below threshold 0.641,0.641026,1.000000,1.000000,624,3,3,,,,,,,,,
T1272s7,T1272s7,CASP16,9C3C,B,No,chain mapping below threshold identity=1.000 coverage=0.599,1.000000,1.000000,0.599174,242,3,3,,,,,,,,,
T1272s8,T1272s8,CASP16,9C3C,V,Check,reference coverage below threshold 0.356; multiple equivalent chains match,0.355746,1.000000,1.000000,818,3,2,,,,,,,,,
T1272s9,T1272s9,CASP16,9C3C,n,Check,reference coverage below threshold 0.735; multiple equivalent chains match,0.735294,1.000000,1.000000,238,3,3,,,,,,,,,
T1280,T1280,CASP16,9F5M,AAA,Check,multiple equivalent chains match,0.995745,1.000000,0.991561,237,3,3,,,,,,,,,
T1299,T1299,CASP16,9FJL,A,Yes,prefiltered A1 protein target with mapped residue range,1.000000,1.000000,1.000000,168,3,3,,,,,,,,,
T2272s2,T2272s2,CASP16,9C3C,a,Check,multiple equivalent chains match,0.972393,1.000000,0.898072,363,3,3,,,,,,,,,
T2272s3,T2272s3,CASP16,9C3C,b,Check,multiple equivalent chains match,0.823899,1.000000,1.000000,318,3,3,,,,,,,,,
T2272s4,T2272s4,CASP16,9C3C,d,Check,multiple equivalent chains match,0.930796,1.000000,1.000000,289,3,3,,,,,,,,,
T2272s5,T2272s5,CASP16,9C3C,g,Check,multiple equivalent chains match,0.907216,1.000000,1.000000,291,3,3,,,,,,,,,
T2272s6,T2272s6,CASP16,9C3C,A,Check,reference coverage below threshold 0.641,0.641026,1.000000,1.000000,624,3,3,,,,,,,,,
T2272s7,T2272s7,CASP16,9C3C,B,No,chain mapping below threshold identity=1.000 coverage=0.599,1.000000,1.000000,0.599174,242,3,3,,,,,,,,,
T2272s8,T2272s8,CASP16,9C3C,V,Check,reference coverage below threshold 0.356; multiple equivalent chains match,0.355746,1.000000,1.000000,818,3,2,,,,,,,,,
T2272s9,T2272s9,CASP16,9C3C,n,Check,reference coverage below threshold 0.735; multiple equivalent chains match,0.735294,1.000000,1.000000,238,3,3,,,,,,,,,
T2280,T2280,CASP16,9F5M,AAA,Check,multiple equivalent chains match,0.995745,1.000000,0.991561,237,3,3,,,,,,,,,
