domain_id,target_id,casp_round,pdb_id,chain_id,residue_start,residue_end,sequence_start,sequence_end,target_length,sequence_length,model,rank,input_fasta,output_dir,output_pdb,output_structure,success,return_code,start_time,end_time,runtime_sec,log_file,command,error_message,should_use,target_qc_status,qc_reason,mapping_identity,mapping_coverage,reference_coverage,resolved_ca_count,expected_mapped_residue_count,chain_assignment_confidence,residue_mapping_note,type,stoichiometry,description,msa_used,msa_source,msa_mode,msa_database,msa_database_path,msa_a3m_file,msa_build_runtime_sec,msa_build_carbon_emissions_g,msa_build_energy_consumed_kwh,msa_build_included_in_runtime,msa_build_included_in_carbon,msa_reused,inference_runtime_sec,inference_carbon_emissions_g,inference_energy_consumed_kwh,total_runtime_sec,total_carbon_emissions_g,total_energy_consumed_kwh,shared_msa_source_model,shared_msa_a3m_file,shared_msa_dir,stage_metadata_note,msa_feature_runtime_sec,msa_feature_carbon_emissions_g,msa_feature_energy_consumed_kwh,af2_inference_runtime_sec,af2_inference_carbon_emissions_g,af2_inference_energy_consumed_kwh,af2_db_preset,af2_model_preset,af2_params_dir,af2_data_dir,af2_features_dir
T1104,T1104,CASP15,7ROA,A,58,189,1,117,117,117,af2,1,results/20260604_134750_casp15_casp16_unique_lt1000_all_default-af2/sequences/T1104.fasta,results/20260604_134750_casp15_casp16_unique_lt1000_all_default-af2/predictions/T1104/af2,results/20260604_134750_casp15_casp16_unique_lt1000_all_default-af2/predictions/T1104/af2/rank_001.pdb,results/20260604_134750_casp15_casp16_unique_lt1000_all_default-af2/predictions/T1104/af2/rank_001.pdb,true,0,,,,results/20260604_134750_casp15_casp16_unique_lt1000_all_default-af2/logs/T1104_af2.log,bash runners/run_af2.sh results/20260604_134750_casp15_casp16_unique_lt1000_all_default-af2/sequences/T1104.fasta results/20260604_134750_casp15_casp16_unique_lt1000_all_default-af2/predictions/T1104/af2 1,skipped existing success,Yes,Yes,prefiltered A1 protein target with mapped residue range,1.000000,1.000000,0.871212,115,132,high,mapped from mmCIF atom_site CA records; 17 aligned positions lack resolved CA atoms,All groups,A1,EntV136 PDB code 7roa,true,alphafold2_default,official_af2_database_search,alphafold,/data/chen/protein_folding_databases/alphafold,,1040.379951,27.048911345309097,0.05694507651644021,true,true,false,110.992000,3.2751721087968098,0.006895099176414336,1151.3719509999999,30.324083454105907,0.06384017569285455,,,,,1040.379951,27.048911345309097,0.05694507651644021,110.992000,3.2751721087968098,0.006895099176414336,full_dbs,monomer,/data/chen/protein_folding_databases/alphafold/params,/data/chen/protein_folding_databases/alphafold,results/20260604_134750_casp15_casp16_unique_lt1000_all_default-af2/predictions/T1104/af2/af2_features
T1106s1,T1106s1,CASP15,7QIH,B,50,120,1,122,122,122,af2,1,results/20260604_134750_casp15_casp16_unique_lt1000_all_default-af2/sequences/T1106s1.fasta,results/20260604_134750_casp15_casp16_unique_lt1000_all_default-af2/predictions/T1106s1/af2,results/20260604_134750_casp15_casp16_unique_lt1000_all_default-af2/predictions/T1106s1/af2/rank_001.pdb,results/20260604_134750_casp15_casp16_unique_lt1000_all_default-af2/predictions/T1106s1/af2/rank_001.pdb,true,0,,,,results/20260604_134750_casp15_casp16_unique_lt1000_all_default-af2/logs/T1106s1_af2.log,bash runners/run_af2.sh results/20260604_134750_casp15_casp16_unique_lt1000_all_default-af2/sequences/T1106s1.fasta results/20260604_134750_casp15_casp16_unique_lt1000_all_default-af2/predictions/T1106s1/af2 1,skipped existing success,No,No,chain mapping below threshold identity=1.000 coverage=0.615; multiple equivalent chains match,1.000000,0.614754,0.946667,71,75,low,mapped from mmCIF atom_site CA records; 4 aligned positions lack resolved CA atoms,All groups,A1,YscY-YscX PDB code 7qih,true,alphafold2_default,official_af2_database_search,alphafold,/data/chen/protein_folding_databases/alphafold,,1013.433652,26.501233673908224,0.055792070892438365,true,true,false,106.003626,3.326938593232251,0.0070040812489100025,1119.437278,29.828172267140474,0.06279615214134837,,,,,1013.433652,26.501233673908224,0.055792070892438365,106.003626,3.326938593232251,0.0070040812489100025,full_dbs,monomer,/data/chen/protein_folding_databases/alphafold/params,/data/chen/protein_folding_databases/alphafold,results/20260604_134750_casp15_casp16_unique_lt1000_all_default-af2/predictions/T1106s1/af2/af2_features
T1106s2,T1106s2,CASP15,7QIH,A,2,112,1,114,114,114,af2,1,results/20260604_134750_casp15_casp16_unique_lt1000_all_default-af2/sequences/T1106s2.fasta,results/20260604_134750_casp15_casp16_unique_lt1000_all_default-af2/predictions/T1106s2/af2,results/20260604_134750_casp15_casp16_unique_lt1000_all_default-af2/predictions/T1106s2/af2/rank_001.pdb,results/20260604_134750_casp15_casp16_unique_lt1000_all_default-af2/predictions/T1106s2/af2/rank_001.pdb,true,0,,,,results/20260604_134750_casp15_casp16_unique_lt1000_all_default-af2/logs/T1106s2_af2.log,bash runners/run_af2.sh results/20260604_134750_casp15_casp16_unique_lt1000_all_default-af2/sequences/T1106s2.fasta results/20260604_134750_casp15_casp16_unique_lt1000_all_default-af2/predictions/T1106s2/af2 1,skipped existing success,Check,Check,multiple equivalent chains match,1.000000,1.000000,0.909836,111,122,high,mapped from mmCIF atom_site CA records; 11 aligned positions lack resolved CA atoms,All groups,A1,YscY-YscX PDB code 7qih,true,alphafold2_default,official_af2_database_search,alphafold,/data/chen/protein_folding_databases/alphafold,,4101.883428,107.27717390554155,0.22584668190640325,true,true,false,109.464331,3.384705881766351,0.007125696593192317,4211.347759,110.6618797873079,0.23297237849959557,,,,,4101.883428,107.27717390554155,0.22584668190640325,109.464331,3.384705881766351,0.007125696593192317,full_dbs,monomer,/data/chen/protein_folding_databases/alphafold/params,/data/chen/protein_folding_databases/alphafold,results/20260604_134750_casp15_casp16_unique_lt1000_all_default-af2/predictions/T1106s2/af2/af2_features
T1112,T1112,CASP15,8ORK,AAA,2,460,1,460,460,460,af2,1,results/20260604_134750_casp15_casp16_unique_lt1000_all_default-af2/sequences/T1112.fasta,results/20260604_134750_casp15_casp16_unique_lt1000_all_default-af2/predictions/T1112/af2,results/20260604_134750_casp15_casp16_unique_lt1000_all_default-af2/predictions/T1112/af2/rank_001.pdb,results/20260604_134750_casp15_casp16_unique_lt1000_all_default-af2/predictions/T1112/af2/rank_001.pdb,true,0,,,,results/20260604_134750_casp15_casp16_unique_lt1000_all_default-af2/logs/T1112_af2.log,bash runners/run_af2.sh results/20260604_134750_casp15_casp16_unique_lt1000_all_default-af2/sequences/T1112.fasta results/20260604_134750_casp15_casp16_unique_lt1000_all_default-af2/predictions/T1112/af2 1,skipped existing success,Check,Check,multiple equivalent chains match,1.000000,1.000000,0.973913,448,460,high,mapped from mmCIF atom_site CA records; 12 aligned positions lack resolved CA atoms,All groups,A1,O93732.1 PDB code 8ork,true,alphafold2_default,official_af2_database_search,alphafold,/data/chen/protein_folding_databases/alphafold,,1264.396399,33.080941116761075,0.06964408656160226,true,true,false,154.866621,5.872379461873592,0.012362904130260194,1419.2630199999999,38.95332057863467,0.08200699069186246,,,,,1264.396399,33.080941116761075,0.06964408656160226,154.866621,5.872379461873592,0.012362904130260194,full_dbs,monomer,/data/chen/protein_folding_databases/alphafold/params,/data/chen/protein_folding_databases/alphafold,results/20260604_134750_casp15_casp16_unique_lt1000_all_default-af2/predictions/T1112/af2/af2_features
T1114s1,T1114s1,CASP15,7UTD,Q,20,78,1,189,189,189,af2,1,results/20260604_134750_casp15_casp16_unique_lt1000_all_default-af2/sequences/T1114s1.fasta,results/20260604_134750_casp15_casp16_unique_lt1000_all_default-af2/predictions/T1114s1/af2,results/20260604_134750_casp15_casp16_unique_lt1000_all_default-af2/predictions/T1114s1/af2/rank_001.pdb,results/20260604_134750_casp15_casp16_unique_lt1000_all_default-af2/predictions/T1114s1/af2/rank_001.pdb,true,0,,,,results/20260604_134750_casp15_casp16_unique_lt1000_all_default-af2/logs/T1114s1_af2.log,bash runners/run_af2.sh results/20260604_134750_casp15_casp16_unique_lt1000_all_default-af2/sequences/T1114s1.fasta results/20260604_134750_casp15_casp16_unique_lt1000_all_default-af2/predictions/T1114s1/af2 1,skipped existing success,No,No,chain mapping below threshold identity=1.000 coverage=0.317; multiple equivalent chains match,1.000000,0.317460,0.983333,59,60,low,mapped from mmCIF atom_site CA records; 1 aligned positions lack resolved CA atoms,All groups,A1,"A0QUM5, A0QUM6, A0QUM7 PDB code 7utd",true,alphafold2_default,official_af2_database_search,alphafold,/data/chen/protein_folding_databases/alphafold,,1051.872223,27.58882470499923,0.05808173622105101,true,true,false,111.247427,3.52416638379703,0.00741929765009901,1163.11965,31.11299108879626,0.06550103387115003,,,,,1051.872223,27.58882470499923,0.05808173622105101,111.247427,3.52416638379703,0.00741929765009901,full_dbs,monomer,/data/chen/protein_folding_databases/alphafold/params,/data/chen/protein_folding_databases/alphafold,results/20260604_134750_casp15_casp16_unique_lt1000_all_default-af2/predictions/T1114s1/af2/af2_features
T1114s2,T1114s2,CASP15,7UTD,B,2,323,1,369,369,369,af2,1,results/20260604_134750_casp15_casp16_unique_lt1000_all_default-af2/sequences/T1114s2.fasta,results/20260604_134750_casp15_casp16_unique_lt1000_all_default-af2/predictions/T1114s2/af2,results/20260604_134750_casp15_casp16_unique_lt1000_all_default-af2/predictions/T1114s2/af2/rank_001.pdb,results/20260604_134750_casp15_casp16_unique_lt1000_all_default-af2/predictions/T1114s2/af2/rank_001.pdb,true,0,,,,results/20260604_134750_casp15_casp16_unique_lt1000_all_default-af2/logs/T1114s2_af2.log,bash runners/run_af2.sh results/20260604_134750_casp15_casp16_unique_lt1000_all_default-af2/sequences/T1114s2.fasta results/20260604_134750_casp15_casp16_unique_lt1000_all_default-af2/predictions/T1114s2/af2 1,skipped existing success,Check,Check,multiple equivalent chains match,1.000000,1.000000,0.872629,322,369,high,mapped from mmCIF atom_site CA records; 47 aligned positions lack resolved CA atoms,All groups,A1,"A0QUM5, A0QUM6, A0QUM7 PDB code 7utd",true,alphafold2_default,official_af2_database_search,alphafold,/data/chen/protein_folding_databases/alphafold,,1240.840949,32.44997539875634,0.06831573768159228,true,true,false,145.730290,5.275006191097517,0.011105276191784245,1386.5712389999999,37.724981589853854,0.07942101387337652,,,,,1240.840949,32.44997539875634,0.06831573768159228,145.730290,5.275006191097517,0.011105276191784245,full_dbs,monomer,/data/chen/protein_folding_databases/alphafold/params,/data/chen/protein_folding_databases/alphafold,results/20260604_134750_casp15_casp16_unique_lt1000_all_default-af2/predictions/T1114s2/af2/af2_features
T1114s3,T1114s3,CASP15,7UTD,A,4,516,1,535,535,535,af2,1,results/20260604_134750_casp15_casp16_unique_lt1000_all_default-af2/sequences/T1114s3.fasta,results/20260604_134750_casp15_casp16_unique_lt1000_all_default-af2/predictions/T1114s3/af2,results/20260604_134750_casp15_casp16_unique_lt1000_all_default-af2/predictions/T1114s3/af2/rank_001.pdb,results/20260604_134750_casp15_casp16_unique_lt1000_all_default-af2/predictions/T1114s3/af2/rank_001.pdb,true,0,,,,results/20260604_134750_casp15_casp16_unique_lt1000_all_default-af2/logs/T1114s3_af2.log,bash runners/run_af2.sh results/20260604_134750_casp15_casp16_unique_lt1000_all_default-af2/sequences/T1114s3.fasta results/20260604_134750_casp15_casp16_unique_lt1000_all_default-af2/predictions/T1114s3/af2 1,skipped existing success,Check,Check,multiple equivalent chains match,1.000000,0.958879,0.998051,512,513,high,mapped from mmCIF atom_site CA records; 1 aligned positions lack resolved CA atoms,All groups,A1,"A0QUM5, A0QUM6, A0QUM7 PDB code 7utd",true,alphafold2_default,official_af2_database_search,alphafold,/data/chen/protein_folding_databases/alphafold,,1274.640950,33.474892227827574,0.07047345732174226,true,true,false,198.523135,7.861954007616014,0.016551482121296875,1473.164085,41.33684623544359,0.08702493944303913,,,,,1274.640950,33.474892227827574,0.07047345732174226,198.523135,7.861954007616014,0.016551482121296875,full_dbs,monomer,/data/chen/protein_folding_databases/alphafold/params,/data/chen/protein_folding_databases/alphafold,results/20260604_134750_casp15_casp16_unique_lt1000_all_default-af2/predictions/T1114s3/af2/af2_features
T1120,T1120,CASP15,7QVB,B,4,231,1,235,235,235,af2,1,results/20260604_134750_casp15_casp16_unique_lt1000_all_default-af2/sequences/T1120.fasta,results/20260604_134750_casp15_casp16_unique_lt1000_all_default-af2/predictions/T1120/af2,results/20260604_134750_casp15_casp16_unique_lt1000_all_default-af2/predictions/T1120/af2/rank_001.pdb,results/20260604_134750_casp15_casp16_unique_lt1000_all_default-af2/predictions/T1120/af2/rank_001.pdb,true,0,,,,results/20260604_134750_casp15_casp16_unique_lt1000_all_default-af2/logs/T1120_af2.log,bash runners/run_af2.sh results/20260604_134750_casp15_casp16_unique_lt1000_all_default-af2/sequences/T1120.fasta results/20260604_134750_casp15_casp16_unique_lt1000_all_default-af2/predictions/T1120/af2 1,skipped existing success,Check,Check,multiple equivalent chains match,1.000000,1.000000,0.970213,228,235,high,mapped from mmCIF atom_site CA records; 7 aligned positions lack resolved CA atoms,All groups,A1,DdrC PDB code 7qvb,true,alphafold2_default,official_af2_database_search,alphafold,/data/chen/protein_folding_databases/alphafold,,1066.922621,28.04957100543446,0.059051728432493594,true,true,false,117.319802,3.902175286461129,0.008215105866233956,1184.242423,31.95174629189559,0.06726683429872755,,,,,1066.922621,28.04957100543446,0.059051728432493594,117.319802,3.902175286461129,0.008215105866233956,full_dbs,monomer,/data/chen/protein_folding_databases/alphafold/params,/data/chen/protein_folding_databases/alphafold,results/20260604_134750_casp15_casp16_unique_lt1000_all_default-af2/predictions/T1120/af2/af2_features
T1122,T1122,CASP15,8BBT,A,4,237,1,241,241,241,af2,1,results/20260604_134750_casp15_casp16_unique_lt1000_all_default-af2/sequences/T1122.fasta,results/20260604_134750_casp15_casp16_unique_lt1000_all_default-af2/predictions/T1122/af2,results/20260604_134750_casp15_casp16_unique_lt1000_all_default-af2/predictions/T1122/af2/rank_001.pdb,results/20260604_134750_casp15_casp16_unique_lt1000_all_default-af2/predictions/T1122/af2/rank_001.pdb,true,0,,,,results/20260604_134750_casp15_casp16_unique_lt1000_all_default-af2/logs/T1122_af2.log,bash runners/run_af2.sh results/20260604_134750_casp15_casp16_unique_lt1000_all_default-af2/sequences/T1122.fasta results/20260604_134750_casp15_casp16_unique_lt1000_all_default-af2/predictions/T1122/af2 1,skipped existing success,Yes,Yes,prefiltered A1 protein target with mapped residue range,1.000000,1.000000,0.954357,230,241,high,mapped from mmCIF atom_site CA records; 11 aligned positions lack resolved CA atoms,All groups,A1,A0A0B4VFQ3 PDB code 8bbt,true,alphafold2_default,official_af2_database_search,alphafold,/data/chen/protein_folding_databases/alphafold,,1005.633554,26.39890397344799,0.05557663994410103,true,true,false,119.303781,3.840496401866598,0.008085255582877048,1124.937335,30.239400375314588,0.06366189552697808,,,,,1005.633554,26.39890397344799,0.05557663994410103,119.303781,3.840496401866598,0.008085255582877048,full_dbs,monomer,/data/chen/protein_folding_databases/alphafold/params,/data/chen/protein_folding_databases/alphafold,results/20260604_134750_casp15_casp16_unique_lt1000_all_default-af2/predictions/T1122/af2/af2_features
T1129s2,T1129s2,CASP15,8A8C,B,41,640,1,640,640,640,af2,1,results/20260604_134750_casp15_casp16_unique_lt1000_all_default-af2/sequences/T1129s2.fasta,results/20260604_134750_casp15_casp16_unique_lt1000_all_default-af2/predictions/T1129s2/af2,results/20260604_134750_casp15_casp16_unique_lt1000_all_default-af2/predictions/T1129s2/af2/rank_001.pdb,results/20260604_134750_casp15_casp16_unique_lt1000_all_default-af2/predictions/T1129s2/af2/rank_001.pdb,true,0,,,,results/20260604_134750_casp15_casp16_unique_lt1000_all_default-af2/logs/T1129s2_af2.log,bash runners/run_af2.sh results/20260604_134750_casp15_casp16_unique_lt1000_all_default-af2/sequences/T1129s2.fasta results/20260604_134750_casp15_casp16_unique_lt1000_all_default-af2/predictions/T1129s2/af2 1,skipped existing success,Yes,Yes,prefiltered A1 protein target with mapped residue range,1.000000,1.000000,0.825000,528,640,high,mapped from mmCIF atom_site CA records; 112 aligned positions lack resolved CA atoms,All groups,A1,P06971; P23207 PDB code 8a8c,true,alphafold2_default,official_af2_database_search,alphafold,/data/chen/protein_folding_databases/alphafold,,1279.629845,33.558074222563974,0.070648577310661,true,true,false,205.681160,8.191885908388805,0.017246075596608013,1485.311005,41.74996013095278,0.08789465290726901,,,,,1279.629845,33.558074222563974,0.070648577310661,205.681160,8.191885908388805,0.017246075596608013,full_dbs,monomer,/data/chen/protein_folding_databases/alphafold/params,/data/chen/protein_folding_databases/alphafold,results/20260604_134750_casp15_casp16_unique_lt1000_all_default-af2/predictions/T1129s2/af2/af2_features
T1133,T1133,CASP15,8DYS,A,4,427,1,585,585,585,af2,1,results/20260604_134750_casp15_casp16_unique_lt1000_all_default-af2/sequences/T1133.fasta,results/20260604_134750_casp15_casp16_unique_lt1000_all_default-af2/predictions/T1133/af2,results/20260604_134750_casp15_casp16_unique_lt1000_all_default-af2/predictions/T1133/af2/rank_001.pdb,results/20260604_134750_casp15_casp16_unique_lt1000_all_default-af2/predictions/T1133/af2/rank_001.pdb,true,0,,,,results/20260604_134750_casp15_casp16_unique_lt1000_all_default-af2/logs/T1133_af2.log,bash runners/run_af2.sh results/20260604_134750_casp15_casp16_unique_lt1000_all_default-af2/sequences/T1133.fasta results/20260604_134750_casp15_casp16_unique_lt1000_all_default-af2/predictions/T1133/af2 1,skipped existing success,Check,Check,reference coverage below threshold 0.699,1.000000,1.000000,0.699145,409,585,high,mapped from mmCIF atom_site CA records; 176 aligned positions lack resolved CA atoms,All groups,A1,Q9BY44 PDB code 8dys,true,alphafold2_default,official_af2_database_search,alphafold,/data/chen/protein_folding_databases/alphafold,,6211.609502,162.70511879400988,0.3425370921979155,true,true,false,216.776539,8.533482159390376,0.01796522559871658,6428.386041000001,171.23860095340027,0.3605023177966321,,,,,6211.609502,162.70511879400988,0.3425370921979155,216.776539,8.533482159390376,0.01796522559871658,full_dbs,monomer,/data/chen/protein_folding_databases/alphafold/params,/data/chen/protein_folding_databases/alphafold,results/20260604_134750_casp15_casp16_unique_lt1000_all_default-af2/predictions/T1133/af2/af2_features
T1134s1,T1134s1,CASP15,7UBZ,A,1,230,1,230,230,230,af2,1,results/20260604_134750_casp15_casp16_unique_lt1000_all_default-af2/sequences/T1134s1.fasta,results/20260604_134750_casp15_casp16_unique_lt1000_all_default-af2/predictions/T1134s1/af2,results/20260604_134750_casp15_casp16_unique_lt1000_all_default-af2/predictions/T1134s1/af2/rank_001.pdb,results/20260604_134750_casp15_casp16_unique_lt1000_all_default-af2/predictions/T1134s1/af2/rank_001.pdb,true,0,,,,results/20260604_134750_casp15_casp16_unique_lt1000_all_default-af2/logs/T1134s1_af2.log,bash runners/run_af2.sh results/20260604_134750_casp15_casp16_unique_lt1000_all_default-af2/sequences/T1134s1.fasta results/20260604_134750_casp15_casp16_unique_lt1000_all_default-af2/predictions/T1134s1/af2 1,skipped existing success,Check,Check,multiple equivalent chains match,1.000000,1.000000,1.000000,230,230,high,mapped from mmCIF atom_site CA records,All groups,A1,"TleTli or WP_062934778.1, WP_013096194 PDB code 7ubz",true,alphafold2_default,official_af2_database_search,alphafold,/data/chen/protein_folding_databases/alphafold,,2839.525997,74.50662290442791,0.15685604821984825,true,true,false,116.645975,3.8236533194352416,0.00804979646196893,2956.171972,78.33027622386315,0.16490584468181718,,,,,2839.525997,74.50662290442791,0.15685604821984825,116.645975,3.8236533194352416,0.00804979646196893,full_dbs,monomer,/data/chen/protein_folding_databases/alphafold/params,/data/chen/protein_folding_databases/alphafold,results/20260604_134750_casp15_casp16_unique_lt1000_all_default-af2/predictions/T1134s1/af2/af2_features
T1134s2,T1134s2,CASP15,7UBZ,D,168,472,1,313,313,313,af2,1,results/20260604_134750_casp15_casp16_unique_lt1000_all_default-af2/sequences/T1134s2.fasta,results/20260604_134750_casp15_casp16_unique_lt1000_all_default-af2/predictions/T1134s2/af2,results/20260604_134750_casp15_casp16_unique_lt1000_all_default-af2/predictions/T1134s2/af2/rank_001.pdb,results/20260604_134750_casp15_casp16_unique_lt1000_all_default-af2/predictions/T1134s2/af2/rank_001.pdb,true,0,,,,results/20260604_134750_casp15_casp16_unique_lt1000_all_default-af2/logs/T1134s2_af2.log,bash runners/run_af2.sh results/20260604_134750_casp15_casp16_unique_lt1000_all_default-af2/sequences/T1134s2.fasta results/20260604_134750_casp15_casp16_unique_lt1000_all_default-af2/predictions/T1134s2/af2 1,skipped existing success,Check,Check,reference coverage below threshold 0.645; multiple equivalent chains match,1.000000,1.000000,0.645367,202,313,high,mapped from mmCIF atom_site CA records; 111 aligned positions lack resolved CA atoms,All groups,A1,"TleTli or WP_062934778.1, WP_013096194 PDB code 7ubz",true,alphafold2_default,official_af2_database_search,alphafold,/data/chen/protein_folding_databases/alphafold,,1138.702128,29.89727369169084,0.0629416288246123,true,true,false,131.824952,4.564093491957239,0.009608617877804714,1270.5270799999998,34.46136718364808,0.07255024670241701,,,,,1138.702128,29.89727369169084,0.0629416288246123,131.824952,4.564093491957239,0.009608617877804714,full_dbs,monomer,/data/chen/protein_folding_databases/alphafold/params,/data/chen/protein_folding_databases/alphafold,results/20260604_134750_casp15_casp16_unique_lt1000_all_default-af2/predictions/T1134s2/af2/af2_features
T1137s1,T1137s1,CASP15,8FEF,A,18,409,1,409,409,409,af2,1,results/20260604_134750_casp15_casp16_unique_lt1000_all_default-af2/sequences/T1137s1.fasta,results/20260604_134750_casp15_casp16_unique_lt1000_all_default-af2/predictions/T1137s1/af2,results/20260604_134750_casp15_casp16_unique_lt1000_all_default-af2/predictions/T1137s1/af2/rank_001.pdb,results/20260604_134750_casp15_casp16_unique_lt1000_all_default-af2/predictions/T1137s1/af2/rank_001.pdb,true,0,,,,results/20260604_134750_casp15_casp16_unique_lt1000_all_default-af2/logs/T1137s1_af2.log,bash runners/run_af2.sh results/20260604_134750_casp15_casp16_unique_lt1000_all_default-af2/sequences/T1137s1.fasta results/20260604_134750_casp15_casp16_unique_lt1000_all_default-af2/predictions/T1137s1/af2 1,skipped existing success,Yes,Yes,prefiltered A1 protein target with mapped residue range,1.000000,1.000000,0.958435,392,409,high,mapped from mmCIF atom_site CA records; 17 aligned positions lack resolved CA atoms,All groups,A1,MceG complex PDB code 8fef,true,alphafold2_default,official_af2_database_search,alphafold,/data/chen/protein_folding_databases/alphafold,,1518.098749,39.95958716112097,0.08412544665499151,true,true,false,154.727693,5.552085282649012,0.011688600595050551,1672.826442,45.51167244376998,0.09581404725004206,,,,,1518.098749,39.95958716112097,0.08412544665499151,154.727693,5.552085282649012,0.011688600595050551,full_dbs,monomer,/data/chen/protein_folding_databases/alphafold/params,/data/chen/protein_folding_databases/alphafold,results/20260604_134750_casp15_casp16_unique_lt1000_all_default-af2/predictions/T1137s1/af2/af2_features
T1137s2,T1137s2,CASP15,8FEF,B,2,343,1,343,343,343,af2,1,results/20260604_134750_casp15_casp16_unique_lt1000_all_default-af2/sequences/T1137s2.fasta,results/20260604_134750_casp15_casp16_unique_lt1000_all_default-af2/predictions/T1137s2/af2,results/20260604_134750_casp15_casp16_unique_lt1000_all_default-af2/predictions/T1137s2/af2/rank_001.pdb,results/20260604_134750_casp15_casp16_unique_lt1000_all_default-af2/predictions/T1137s2/af2/rank_001.pdb,true,0,,,,results/20260604_134750_casp15_casp16_unique_lt1000_all_default-af2/logs/T1137s2_af2.log,bash runners/run_af2.sh results/20260604_134750_casp15_casp16_unique_lt1000_all_default-af2/sequences/T1137s2.fasta results/20260604_134750_casp15_casp16_unique_lt1000_all_default-af2/predictions/T1137s2/af2 1,skipped existing success,Yes,Yes,prefiltered A1 protein target with mapped residue range,1.000000,1.000000,0.976676,335,343,high,mapped from mmCIF atom_site CA records; 8 aligned positions lack resolved CA atoms,All groups,A1,MceG complex PDB code 8fef,true,alphafold2_default,official_af2_database_search,alphafold,/data/chen/protein_folding_databases/alphafold,,1358.867223,35.43619738937031,0.07460252081972696,true,true,false,140.725375,4.828222337760211,0.01016467860581097,1499.592598,40.264419727130516,0.08476719942553793,,,,,1358.867223,35.43619738937031,0.07460252081972696,140.725375,4.828222337760211,0.01016467860581097,full_dbs,monomer,/data/chen/protein_folding_databases/alphafold/params,/data/chen/protein_folding_databases/alphafold,results/20260604_134750_casp15_casp16_unique_lt1000_all_default-af2/predictions/T1137s2/af2/af2_features
T1137s3,T1137s3,CASP15,8FEF,C,1,310,1,524,524,524,af2,1,results/20260604_134750_casp15_casp16_unique_lt1000_all_default-af2/sequences/T1137s3.fasta,results/20260604_134750_casp15_casp16_unique_lt1000_all_default-af2/predictions/T1137s3/af2,results/20260604_134750_casp15_casp16_unique_lt1000_all_default-af2/predictions/T1137s3/af2/rank_001.pdb,results/20260604_134750_casp15_casp16_unique_lt1000_all_default-af2/predictions/T1137s3/af2/rank_001.pdb,true,0,,,,results/20260604_134750_casp15_casp16_unique_lt1000_all_default-af2/logs/T1137s3_af2.log,bash runners/run_af2.sh results/20260604_134750_casp15_casp16_unique_lt1000_all_default-af2/sequences/T1137s3.fasta results/20260604_134750_casp15_casp16_unique_lt1000_all_default-af2/predictions/T1137s3/af2 1,skipped existing success,Check,Check,reference coverage below threshold 0.592,1.000000,1.000000,0.591603,310,524,high,mapped from mmCIF atom_site CA records; 214 aligned positions lack resolved CA atoms,All groups,A1,MceG complex PDB code 8fef,true,alphafold2_default,official_af2_database_search,alphafold,/data/chen/protein_folding_databases/alphafold,,1711.915876,45.062450796272955,0.0948683174658378,true,true,false,180.424943,7.142965300441799,0.01503782168514063,1892.340819,52.20541609671476,0.10990613915097844,,,,,1711.915876,45.062450796272955,0.0948683174658378,180.424943,7.142965300441799,0.01503782168514063,full_dbs,monomer,/data/chen/protein_folding_databases/alphafold/params,/data/chen/protein_folding_databases/alphafold,results/20260604_134750_casp15_casp16_unique_lt1000_all_default-af2/predictions/T1137s3/af2/af2_features
T1137s4,T1137s4,CASP15,8FEF,D,42,468,1,547,547,547,af2,1,results/20260604_134750_casp15_casp16_unique_lt1000_all_default-af2/sequences/T1137s4.fasta,results/20260604_134750_casp15_casp16_unique_lt1000_all_default-af2/predictions/T1137s4/af2,results/20260604_134750_casp15_casp16_unique_lt1000_all_default-af2/predictions/T1137s4/af2/rank_001.pdb,results/20260604_134750_casp15_casp16_unique_lt1000_all_default-af2/predictions/T1137s4/af2/rank_001.pdb,true,0,,,,results/20260604_134750_casp15_casp16_unique_lt1000_all_default-af2/logs/T1137s4_af2.log,bash runners/run_af2.sh results/20260604_134750_casp15_casp16_unique_lt1000_all_default-af2/sequences/T1137s4.fasta results/20260604_134750_casp15_casp16_unique_lt1000_all_default-af2/predictions/T1137s4/af2 1,skipped existing success,Check,Check,reference coverage below threshold 0.704,1.000000,1.000000,0.703839,385,547,high,mapped from mmCIF atom_site CA records; 162 aligned positions lack resolved CA atoms,All groups,A1,MceG complex PDB code 8fef,true,alphafold2_default,official_af2_database_search,alphafold,/data/chen/protein_folding_databases/alphafold,,1752.921203,45.983131956863495,0.09680659359339683,true,true,false,203.609677,7.972779575005137,0.016784799105273973,1956.53088,53.95591153186863,0.1135913926986708,,,,,1752.921203,45.983131956863495,0.09680659359339683,203.609677,7.972779575005137,0.016784799105273973,full_dbs,monomer,/data/chen/protein_folding_databases/alphafold/params,/data/chen/protein_folding_databases/alphafold,results/20260604_134750_casp15_casp16_unique_lt1000_all_default-af2/predictions/T1137s4/af2/af2_features
T1137s5,T1137s5,CASP15,8FEF,E,33,390,1,390,390,390,af2,1,results/20260604_134750_casp15_casp16_unique_lt1000_all_default-af2/sequences/T1137s5.fasta,results/20260604_134750_casp15_casp16_unique_lt1000_all_default-af2/predictions/T1137s5/af2,results/20260604_134750_casp15_casp16_unique_lt1000_all_default-af2/predictions/T1137s5/af2/rank_001.pdb,results/20260604_134750_casp15_casp16_unique_lt1000_all_default-af2/predictions/T1137s5/af2/rank_001.pdb,true,0,,,,results/20260604_134750_casp15_casp16_unique_lt1000_all_default-af2/logs/T1137s5_af2.log,bash runners/run_af2.sh results/20260604_134750_casp15_casp16_unique_lt1000_all_default-af2/sequences/T1137s5.fasta results/20260604_134750_casp15_casp16_unique_lt1000_all_default-af2/predictions/T1137s5/af2 1,skipped existing success,Yes,Yes,prefiltered A1 protein target with mapped residue range,1.000000,1.000000,0.917949,358,390,high,mapped from mmCIF atom_site CA records; 32 aligned positions lack resolved CA atoms,All groups,A1,MceG complex PDB code 8fef,true,alphafold2_default,official_af2_database_search,alphafold,/data/chen/protein_folding_databases/alphafold,,1417.824439,37.122772447638184,0.0781532051529225,true,true,false,150.445989,5.401460111709317,0.011371494972019613,1568.270428,42.5242325593475,0.08952470012494211,,,,,1417.824439,37.122772447638184,0.0781532051529225,150.445989,5.401460111709317,0.011371494972019613,full_dbs,monomer,/data/chen/protein_folding_databases/alphafold/params,/data/chen/protein_folding_databases/alphafold,results/20260604_134750_casp15_casp16_unique_lt1000_all_default-af2/predictions/T1137s5/af2/af2_features
T1137s6,T1137s6,CASP15,8FEF,F,1,399,1,518,518,518,af2,1,results/20260604_134750_casp15_casp16_unique_lt1000_all_default-af2/sequences/T1137s6.fasta,results/20260604_134750_casp15_casp16_unique_lt1000_all_default-af2/predictions/T1137s6/af2,results/20260604_134750_casp15_casp16_unique_lt1000_all_default-af2/predictions/T1137s6/af2/rank_001.pdb,results/20260604_134750_casp15_casp16_unique_lt1000_all_default-af2/predictions/T1137s6/af2/rank_001.pdb,true,0,,,,results/20260604_134750_casp15_casp16_unique_lt1000_all_default-af2/logs/T1137s6_af2.log,bash runners/run_af2.sh results/20260604_134750_casp15_casp16_unique_lt1000_all_default-af2/sequences/T1137s6.fasta results/20260604_134750_casp15_casp16_unique_lt1000_all_default-af2/predictions/T1137s6/af2 1,skipped existing success,Check,Check,reference coverage below threshold 0.770,1.000000,1.000000,0.770270,399,518,high,mapped from mmCIF atom_site CA records; 119 aligned positions lack resolved CA atoms,All groups,A1,MceG complex PDB code 8fef,true,alphafold2_default,official_af2_database_search,alphafold,/data/chen/protein_folding_databases/alphafold,,1623.222129,42.60559112599992,0.08969598131789458,true,true,false,189.162171,7.247503777700115,0.015257902689894978,1812.3843,49.85309490370004,0.10495388400778956,,,,,1623.222129,42.60559112599992,0.08969598131789458,189.162171,7.247503777700115,0.015257902689894978,full_dbs,monomer,/data/chen/protein_folding_databases/alphafold/params,/data/chen/protein_folding_databases/alphafold,results/20260604_134750_casp15_casp16_unique_lt1000_all_default-af2/predictions/T1137s6/af2/af2_features
T1137s7,T1137s7,CASP15,8FEF,G,2,325,1,653,653,653,af2,1,results/20260604_134750_casp15_casp16_unique_lt1000_all_default-af2/sequences/T1137s7.fasta,results/20260604_134750_casp15_casp16_unique_lt1000_all_default-af2/predictions/T1137s7/af2,results/20260604_134750_casp15_casp16_unique_lt1000_all_default-af2/predictions/T1137s7/af2/rank_001.pdb,results/20260604_134750_casp15_casp16_unique_lt1000_all_default-af2/predictions/T1137s7/af2/rank_001.pdb,true,0,,,,results/20260604_134750_casp15_casp16_unique_lt1000_all_default-af2/logs/T1137s7_af2.log,bash runners/run_af2.sh results/20260604_134750_casp15_casp16_unique_lt1000_all_default-af2/sequences/T1137s7.fasta results/20260604_134750_casp15_casp16_unique_lt1000_all_default-af2/predictions/T1137s7/af2 1,skipped existing success,Check,Check,reference coverage below threshold 0.458; multiple equivalent chains match,1.000000,1.000000,0.457887,299,653,high,mapped from mmCIF atom_site CA records; 354 aligned positions lack resolved CA atoms,All groups,A1,MceG complex PDB code 8fef,true,alphafold2_default,official_af2_database_search,alphafold,/data/chen/protein_folding_databases/alphafold,,7929.586827,210.2423102200502,0.44261538993694777,true,true,false,242.145751,9.741252628301218,0.020507900270107828,8171.732578,219.98356284835143,0.4631232902070556,,,,,7929.586827,210.2423102200502,0.44261538993694777,242.145751,9.741252628301218,0.020507900270107828,full_dbs,monomer,/data/chen/protein_folding_databases/alphafold/params,/data/chen/protein_folding_databases/alphafold,results/20260604_134750_casp15_casp16_unique_lt1000_all_default-af2/predictions/T1137s7/af2/af2_features
T1137s8,T1137s8,CASP15,8FEF,I,14,266,1,266,266,266,af2,1,results/20260604_134750_casp15_casp16_unique_lt1000_all_default-af2/sequences/T1137s8.fasta,results/20260604_134750_casp15_casp16_unique_lt1000_all_default-af2/predictions/T1137s8/af2,results/20260604_134750_casp15_casp16_unique_lt1000_all_default-af2/predictions/T1137s8/af2/rank_001.pdb,results/20260604_134750_casp15_casp16_unique_lt1000_all_default-af2/predictions/T1137s8/af2/rank_001.pdb,true,0,,,,results/20260604_134750_casp15_casp16_unique_lt1000_all_default-af2/logs/T1137s8_af2.log,bash runners/run_af2.sh results/20260604_134750_casp15_casp16_unique_lt1000_all_default-af2/sequences/T1137s8.fasta results/20260604_134750_casp15_casp16_unique_lt1000_all_default-af2/predictions/T1137s8/af2 1,skipped existing success,Yes,Yes,prefiltered A1 protein target with mapped residue range,1.000000,1.000000,0.951128,253,266,high,mapped from mmCIF atom_site CA records; 13 aligned positions lack resolved CA atoms,All groups,A1,MceG complex PDB code 8fef,true,alphafold2_default,official_af2_database_search,alphafold,/data/chen/protein_folding_databases/alphafold,,1097.068322,28.656976929222605,0.0603304777457318,true,true,false,123.273502,4.151840720226491,0.00874071730573998,1220.341824,32.8088176494491,0.06907119505147179,,,,,1097.068322,28.656976929222605,0.0603304777457318,123.273502,4.151840720226491,0.00874071730573998,full_dbs,monomer,/data/chen/protein_folding_databases/alphafold/params,/data/chen/protein_folding_databases/alphafold,results/20260604_134750_casp15_casp16_unique_lt1000_all_default-af2/predictions/T1137s8/af2/af2_features
T1137s9,T1137s9,CASP15,8FEF,J,27,289,1,289,289,289,af2,1,results/20260604_134750_casp15_casp16_unique_lt1000_all_default-af2/sequences/T1137s9.fasta,results/20260604_134750_casp15_casp16_unique_lt1000_all_default-af2/predictions/T1137s9/af2,results/20260604_134750_casp15_casp16_unique_lt1000_all_default-af2/predictions/T1137s9/af2/rank_001.pdb,results/20260604_134750_casp15_casp16_unique_lt1000_all_default-af2/predictions/T1137s9/af2/rank_001.pdb,true,0,,,,results/20260604_134750_casp15_casp16_unique_lt1000_all_default-af2/logs/T1137s9_af2.log,bash runners/run_af2.sh results/20260604_134750_casp15_casp16_unique_lt1000_all_default-af2/sequences/T1137s9.fasta results/20260604_134750_casp15_casp16_unique_lt1000_all_default-af2/predictions/T1137s9/af2 1,skipped existing success,Yes,Yes,prefiltered A1 protein target with mapped residue range,1.000000,1.000000,0.910035,263,289,high,mapped from mmCIF atom_site CA records; 26 aligned positions lack resolved CA atoms,All groups,A1,MceG complex PDB code 8fef,true,alphafold2_default,official_af2_database_search,alphafold,/data/chen/protein_folding_databases/alphafold,,1114.999834,29.308623511852996,0.06170236528811157,true,true,false,127.525382,4.336482320396153,0.009129436463991902,1242.525216,33.64510583224915,0.07083180175210348,,,,,1114.999834,29.308623511852996,0.06170236528811157,127.525382,4.336482320396153,0.009129436463991902,full_dbs,monomer,/data/chen/protein_folding_databases/alphafold/params,/data/chen/protein_folding_databases/alphafold,results/20260604_134750_casp15_casp16_unique_lt1000_all_default-af2/predictions/T1137s9/af2/af2_features
T1145,T1145,CASP15,7UWW,A,34,665,1,635,635,635,af2,1,results/20260604_134750_casp15_casp16_unique_lt1000_all_default-af2/sequences/T1145.fasta,results/20260604_134750_casp15_casp16_unique_lt1000_all_default-af2/predictions/T1145/af2,results/20260604_134750_casp15_casp16_unique_lt1000_all_default-af2/predictions/T1145/af2/rank_001.pdb,results/20260604_134750_casp15_casp16_unique_lt1000_all_default-af2/predictions/T1145/af2/rank_001.pdb,true,0,,,,results/20260604_134750_casp15_casp16_unique_lt1000_all_default-af2/logs/T1145_af2.log,bash runners/run_af2.sh results/20260604_134750_casp15_casp16_unique_lt1000_all_default-af2/sequences/T1145.fasta results/20260604_134750_casp15_casp16_unique_lt1000_all_default-af2/predictions/T1145/af2 1,skipped existing success,Check,Check,multiple equivalent chains match,1.000000,1.000000,0.995276,632,635,high,mapped from mmCIF atom_site CA records; 3 aligned positions lack resolved CA atoms,All groups,A1,Starch binding protein PDB code 7uww,true,alphafold2_default,official_af2_database_search,alphafold,/data/chen/protein_folding_databases/alphafold,,1349.027748,35.56024351510846,0.07486367055812307,true,true,false,228.669841,9.230917443341493,0.019433510407034723,1577.6975889999999,44.79116095844995,0.0942971809651578,,,,,1349.027748,35.56024351510846,0.07486367055812307,228.669841,9.230917443341493,0.019433510407034723,full_dbs,monomer,/data/chen/protein_folding_databases/alphafold/params,/data/chen/protein_folding_databases/alphafold,results/20260604_134750_casp15_casp16_unique_lt1000_all_default-af2/predictions/T1145/af2/af2_features
T1147,T1147,CASP15,8EM5,A,12,103,1,103,103,103,af2,1,results/20260604_134750_casp15_casp16_unique_lt1000_all_default-af2/sequences/T1147.fasta,results/20260604_134750_casp15_casp16_unique_lt1000_all_default-af2/predictions/T1147/af2,results/20260604_134750_casp15_casp16_unique_lt1000_all_default-af2/predictions/T1147/af2/rank_001.pdb,results/20260604_134750_casp15_casp16_unique_lt1000_all_default-af2/predictions/T1147/af2/rank_001.pdb,true,0,,,,results/20260604_134750_casp15_casp16_unique_lt1000_all_default-af2/logs/T1147_af2.log,bash runners/run_af2.sh results/20260604_134750_casp15_casp16_unique_lt1000_all_default-af2/sequences/T1147.fasta results/20260604_134750_casp15_casp16_unique_lt1000_all_default-af2/predictions/T1147/af2 1,skipped existing success,Check,Check,multiple equivalent chains match,1.000000,1.000000,0.893204,92,103,high,mapped from mmCIF atom_site CA records; 11 aligned positions lack resolved CA atoms,All groups,A1,"KEK_05752, MmpS5 PDB code 8em5",true,alphafold2_default,official_af2_database_search,alphafold,/data/chen/protein_folding_databases/alphafold,,1028.139905,27.00101312096678,0.056844238149403745,true,true,false,109.867023,3.3017142488403017,0.006950977365979582,1138.006928,30.30272736980708,0.06379521551538332,,,,,1028.139905,27.00101312096678,0.056844238149403745,109.867023,3.3017142488403017,0.006950977365979582,full_dbs,monomer,/data/chen/protein_folding_databases/alphafold/params,/data/chen/protein_folding_databases/alphafold,results/20260604_134750_casp15_casp16_unique_lt1000_all_default-af2/predictions/T1147/af2/af2_features
T1151s2,T1151s2,CASP15,8D5V,A,8,91,1,116,116,116,af2,1,results/20260604_134750_casp15_casp16_unique_lt1000_all_default-af2/sequences/T1151s2.fasta,results/20260604_134750_casp15_casp16_unique_lt1000_all_default-af2/predictions/T1151s2/af2,results/20260604_134750_casp15_casp16_unique_lt1000_all_default-af2/predictions/T1151s2/af2/rank_001.pdb,results/20260604_134750_casp15_casp16_unique_lt1000_all_default-af2/predictions/T1151s2/af2/rank_001.pdb,true,0,,,,results/20260604_134750_casp15_casp16_unique_lt1000_all_default-af2/logs/T1151s2_af2.log,bash runners/run_af2.sh results/20260604_134750_casp15_casp16_unique_lt1000_all_default-af2/sequences/T1151s2.fasta results/20260604_134750_casp15_casp16_unique_lt1000_all_default-af2/predictions/T1151s2/af2 1,skipped existing success,Check,Check,reference coverage below threshold 0.724; multiple equivalent chains match,1.000000,1.000000,0.724138,84,116,high,mapped from mmCIF atom_site CA records; 32 aligned positions lack resolved CA atoms,All groups,A1,P9WF37 PDB code 8d5v,true,alphafold2_default,official_af2_database_search,alphafold,/data/chen/protein_folding_databases/alphafold,,1016.393052,26.64071918141504,0.056085724592452715,true,true,false,101.321376,3.045412649800561,0.0064113950522117075,1117.714428,29.6861318312156,0.06249711964466442,,,,,1016.393052,26.64071918141504,0.056085724592452715,101.321376,3.045412649800561,0.0064113950522117075,full_dbs,monomer,/data/chen/protein_folding_databases/alphafold/params,/data/chen/protein_folding_databases/alphafold,results/20260604_134750_casp15_casp16_unique_lt1000_all_default-af2/predictions/T1151s2/af2/af2_features
T1155,T1155,CASP15,8PBV,A,1,116,1,116,116,116,af2,1,results/20260604_134750_casp15_casp16_unique_lt1000_all_default-af2/sequences/T1155.fasta,results/20260604_134750_casp15_casp16_unique_lt1000_all_default-af2/predictions/T1155/af2,results/20260604_134750_casp15_casp16_unique_lt1000_all_default-af2/predictions/T1155/af2/rank_001.pdb,results/20260604_134750_casp15_casp16_unique_lt1000_all_default-af2/predictions/T1155/af2/rank_001.pdb,true,0,,,,results/20260604_134750_casp15_casp16_unique_lt1000_all_default-af2/logs/T1155_af2.log,bash runners/run_af2.sh results/20260604_134750_casp15_casp16_unique_lt1000_all_default-af2/sequences/T1155.fasta results/20260604_134750_casp15_casp16_unique_lt1000_all_default-af2/predictions/T1155/af2 1,skipped existing success,Yes,Yes,prefiltered A1 protein target with mapped residue range,1.000000,1.000000,1.000000,116,116,high,mapped from mmCIF atom_site CA records,All groups,A1,Uniprot Q8IN44 PDB code 8pbv,true,alphafold2_default,official_af2_database_search,alphafold,/data/chen/protein_folding_databases/alphafold,,1023.623796,26.82502872566134,0.056473744685602824,true,true,false,102.127192,3.2085361961330165,0.0067548130444905615,1125.750988,30.03356492179436,0.06322855773009338,,,,,1023.623796,26.82502872566134,0.056473744685602824,102.127192,3.2085361961330165,0.0067548130444905615,full_dbs,monomer,/data/chen/protein_folding_databases/alphafold/params,/data/chen/protein_folding_databases/alphafold,results/20260604_134750_casp15_casp16_unique_lt1000_all_default-af2/predictions/T1155/af2/af2_features
T1157s2,T1157s2,CASP15,8PKO,B,21,484,1,495,495,495,af2,1,results/20260604_134750_casp15_casp16_unique_lt1000_all_default-af2/sequences/T1157s2.fasta,results/20260604_134750_casp15_casp16_unique_lt1000_all_default-af2/predictions/T1157s2/af2,results/20260604_134750_casp15_casp16_unique_lt1000_all_default-af2/predictions/T1157s2/af2/rank_001.pdb,results/20260604_134750_casp15_casp16_unique_lt1000_all_default-af2/predictions/T1157s2/af2/rank_001.pdb,true,0,,,,results/20260604_134750_casp15_casp16_unique_lt1000_all_default-af2/logs/T1157s2_af2.log,bash runners/run_af2.sh results/20260604_134750_casp15_casp16_unique_lt1000_all_default-af2/sequences/T1157s2.fasta results/20260604_134750_casp15_casp16_unique_lt1000_all_default-af2/predictions/T1157s2/af2 1,skipped existing success,Yes,Yes,prefiltered A1 protein target with mapped residue range,1.000000,1.000000,0.937374,464,495,high,mapped from mmCIF atom_site CA records; 31 aligned positions lack resolved CA atoms,All groups,A1,Complex of CtEDEM and CtPDI1P PDB code 8pko,true,alphafold2_default,official_af2_database_search,alphafold,/data/chen/protein_folding_databases/alphafold,,1783.580493,46.97689060596048,0.09889871706517996,true,true,false,175.961518,6.692659795024452,0.01408981009478832,1959.542011,53.66955040098493,0.11298852715996828,,,,,1783.580493,46.97689060596048,0.09889871706517996,175.961518,6.692659795024452,0.01408981009478832,full_dbs,monomer,/data/chen/protein_folding_databases/alphafold/params,/data/chen/protein_folding_databases/alphafold,results/20260604_134750_casp15_casp16_unique_lt1000_all_default-af2/predictions/T1157s2/af2/af2_features
T1159,T1159,CASP15,7PZT,A,1,160,1,160,160,160,af2,1,results/20260604_134750_casp15_casp16_unique_lt1000_all_default-af2/sequences/T1159.fasta,results/20260604_134750_casp15_casp16_unique_lt1000_all_default-af2/predictions/T1159/af2,results/20260604_134750_casp15_casp16_unique_lt1000_all_default-af2/predictions/T1159/af2/rank_001.pdb,results/20260604_134750_casp15_casp16_unique_lt1000_all_default-af2/predictions/T1159/af2/rank_001.pdb,true,0,,,,results/20260604_134750_casp15_casp16_unique_lt1000_all_default-af2/logs/T1159_af2.log,bash runners/run_af2.sh results/20260604_134750_casp15_casp16_unique_lt1000_all_default-af2/sequences/T1159.fasta results/20260604_134750_casp15_casp16_unique_lt1000_all_default-af2/predictions/T1159/af2 1,skipped existing success,Check,Check,multiple equivalent chains match,1.000000,1.000000,1.000000,160,160,high,mapped from mmCIF atom_site CA records,All groups,A1,TecA tgat PDB code 7pzt,true,alphafold2_default,official_af2_database_search,alphafold,/data/chen/protein_folding_databases/alphafold,,1029.194291,27.007875428849644,0.056858685113367675,true,true,false,99.327662,3.1637673244668987,0.006660562788351366,1128.521953,30.171642753316544,0.06351924790171905,,,,,1029.194291,27.007875428849644,0.056858685113367675,99.327662,3.1637673244668987,0.006660562788351366,full_dbs,monomer,/data/chen/protein_folding_databases/alphafold/params,/data/chen/protein_folding_databases/alphafold,results/20260604_134750_casp15_casp16_unique_lt1000_all_default-af2/predictions/T1159/af2/af2_features
T1183,T1183,CASP15,8IFX,B,1,195,1,200,200,200,af2,1,results/20260604_134750_casp15_casp16_unique_lt1000_all_default-af2/sequences/T1183.fasta,results/20260604_134750_casp15_casp16_unique_lt1000_all_default-af2/predictions/T1183/af2,results/20260604_134750_casp15_casp16_unique_lt1000_all_default-af2/predictions/T1183/af2/rank_001.pdb,results/20260604_134750_casp15_casp16_unique_lt1000_all_default-af2/predictions/T1183/af2/rank_001.pdb,true,0,,,,results/20260604_134750_casp15_casp16_unique_lt1000_all_default-af2/logs/T1183_af2.log,bash runners/run_af2.sh results/20260604_134750_casp15_casp16_unique_lt1000_all_default-af2/sequences/T1183.fasta results/20260604_134750_casp15_casp16_unique_lt1000_all_default-af2/predictions/T1183/af2 1,skipped existing success,Yes,Yes,prefiltered A1 protein target with mapped residue range,1.000000,1.000000,0.975000,195,200,high,mapped from mmCIF atom_site CA records; 5 aligned positions lack resolved CA atoms,All groups,A1,TsaB PDB code 8ifx,true,alphafold2_default,official_af2_database_search,alphafold,/data/chen/protein_folding_databases/alphafold,,1083.014001,28.373228947791322,0.05973311357429752,true,true,false,105.338065,3.502569359412075,0.00737383023034121,1188.352066,31.875798307203397,0.06710694380463873,,,,,1083.014001,28.373228947791322,0.05973311357429752,105.338065,3.502569359412075,0.00737383023034121,full_dbs,monomer,/data/chen/protein_folding_databases/alphafold/params,/data/chen/protein_folding_databases/alphafold,results/20260604_134750_casp15_casp16_unique_lt1000_all_default-af2/predictions/T1183/af2/af2_features
T1185s1,T1185s1,CASP15,8OUY,A,4,73,1,350,350,350,af2,1,results/20260604_134750_casp15_casp16_unique_lt1000_all_default-af2/sequences/T1185s1.fasta,results/20260604_134750_casp15_casp16_unique_lt1000_all_default-af2/predictions/T1185s1/af2,results/20260604_134750_casp15_casp16_unique_lt1000_all_default-af2/predictions/T1185s1/af2/rank_001.pdb,results/20260604_134750_casp15_casp16_unique_lt1000_all_default-af2/predictions/T1185s1/af2/rank_001.pdb,pending,,,,,results/20260604_134750_casp15_casp16_unique_lt1000_all_default-af2/logs/T1185s1_af2.log,,,Check,Check,reference coverage below threshold 0.200,1.000000,1.000000,0.200000,70,350,high,mapped from mmCIF atom_site CA records; 280 aligned positions lack resolved CA atoms,All groups,A1,BCDX2 PDB code 8ouy,,,,,,,,,,,,,,,,,,,,,,,,,,,,,,,,,
T1185s2,T1185s2,CASP15,8OUY,B,10,349,1,376,376,376,af2,1,results/20260604_134750_casp15_casp16_unique_lt1000_all_default-af2/sequences/T1185s2.fasta,results/20260604_134750_casp15_casp16_unique_lt1000_all_default-af2/predictions/T1185s2/af2,results/20260604_134750_casp15_casp16_unique_lt1000_all_default-af2/predictions/T1185s2/af2/rank_001.pdb,results/20260604_134750_casp15_casp16_unique_lt1000_all_default-af2/predictions/T1185s2/af2/rank_001.pdb,pending,,,,,results/20260604_134750_casp15_casp16_unique_lt1000_all_default-af2/logs/T1185s2_af2.log,,,Yes,Yes,prefiltered A1 protein target with mapped residue range,1.000000,1.000000,0.832447,313,376,high,mapped from mmCIF atom_site CA records; 63 aligned positions lack resolved CA atoms,All groups,A1,BCDX2 PDB code 8ouy,,,,,,,,,,,,,,,,,,,,,,,,,,,,,,,,,
T1185s4,T1185s4,CASP15,8OUY,D,20,280,1,280,280,280,af2,1,results/20260604_134750_casp15_casp16_unique_lt1000_all_default-af2/sequences/T1185s4.fasta,results/20260604_134750_casp15_casp16_unique_lt1000_all_default-af2/predictions/T1185s4/af2,results/20260604_134750_casp15_casp16_unique_lt1000_all_default-af2/predictions/T1185s4/af2/rank_001.pdb,results/20260604_134750_casp15_casp16_unique_lt1000_all_default-af2/predictions/T1185s4/af2/rank_001.pdb,pending,,,,,results/20260604_134750_casp15_casp16_unique_lt1000_all_default-af2/logs/T1185s4_af2.log,,,Yes,Yes,prefiltered A1 protein target with mapped residue range,1.000000,0.996429,0.838710,234,279,high,mapped from mmCIF atom_site CA records; 45 aligned positions lack resolved CA atoms,All groups,A1,BCDX2 PDB code 8ouy,,,,,,,,,,,,,,,,,,,,,,,,,,,,,,,,,
T1194,T1194,CASP15,8OKH,A,22,185,1,168,168,168,af2,1,results/20260604_134750_casp15_casp16_unique_lt1000_all_default-af2/sequences/T1194.fasta,results/20260604_134750_casp15_casp16_unique_lt1000_all_default-af2/predictions/T1194/af2,results/20260604_134750_casp15_casp16_unique_lt1000_all_default-af2/predictions/T1194/af2/rank_001.pdb,results/20260604_134750_casp15_casp16_unique_lt1000_all_default-af2/predictions/T1194/af2/rank_001.pdb,pending,,,,,results/20260604_134750_casp15_casp16_unique_lt1000_all_default-af2/logs/T1194_af2.log,,,Check,Check,multiple equivalent chains match,1.000000,0.994048,0.982036,164,167,high,mapped from mmCIF atom_site CA records; 3 aligned positions lack resolved CA atoms,All groups,A1,Bd1399 PDB code 8okh,,,,,,,,,,,,,,,,,,,,,,,,,,,,,,,,,
T1212,T1212,CASP16,9B0L,P,53,518,1,466,466,466,af2,1,results/20260604_134750_casp15_casp16_unique_lt1000_all_default-af2/sequences/T1212.fasta,results/20260604_134750_casp15_casp16_unique_lt1000_all_default-af2/predictions/T1212/af2,results/20260604_134750_casp15_casp16_unique_lt1000_all_default-af2/predictions/T1212/af2/rank_001.pdb,results/20260604_134750_casp15_casp16_unique_lt1000_all_default-af2/predictions/T1212/af2/rank_001.pdb,pending,,,,,results/20260604_134750_casp15_casp16_unique_lt1000_all_default-af2/logs/T1212_af2.log,,,Check,Check,multiple equivalent chains match,1.000000,1.000000,1.000000,466,466,high,mapped from mmCIF atom_site CA records,Prot,A1,Fanzor2 ternary structure PDB code 9b0l protein subunit of M1212,,,,,,,,,,,,,,,,,,,,,,,,,,,,,,,,,
T1227s1,T1227s1,CASP16,9N8W,A,27,418,1,427,427,427,af2,1,results/20260604_134750_casp15_casp16_unique_lt1000_all_default-af2/sequences/T1227s1.fasta,results/20260604_134750_casp15_casp16_unique_lt1000_all_default-af2/predictions/T1227s1/af2,results/20260604_134750_casp15_casp16_unique_lt1000_all_default-af2/predictions/T1227s1/af2/rank_001.pdb,results/20260604_134750_casp15_casp16_unique_lt1000_all_default-af2/predictions/T1227s1/af2/rank_001.pdb,pending,,,,,results/20260604_134750_casp15_casp16_unique_lt1000_all_default-af2/logs/T1227s1_af2.log,,,Yes,Yes,prefiltered A1 protein target with mapped residue range,1.000000,1.000000,0.918033,392,427,high,mapped from mmCIF atom_site CA records; 35 aligned positions lack resolved CA atoms,Prot,A1,LetA (P0AD03) and LetB (P76272) PDB code 9n8w,,,,,,,,,,,,,,,,,,,,,,,,,,,,,,,,,
T1266,T1266,CASP16,8QFB,A,563,860,1,336,336,336,af2,1,results/20260604_134750_casp15_casp16_unique_lt1000_all_default-af2/sequences/T1266.fasta,results/20260604_134750_casp15_casp16_unique_lt1000_all_default-af2/predictions/T1266/af2,results/20260604_134750_casp15_casp16_unique_lt1000_all_default-af2/predictions/T1266/af2/rank_001.pdb,results/20260604_134750_casp15_casp16_unique_lt1000_all_default-af2/predictions/T1266/af2/rank_001.pdb,pending,,,,,results/20260604_134750_casp15_casp16_unique_lt1000_all_default-af2/logs/T1266_af2.log,,,Check,Check,multiple equivalent chains match,1.000000,1.000000,0.886905,298,336,high,mapped from mmCIF atom_site CA records; 38 aligned positions lack resolved CA atoms,Prot,A1,Q99549 PDB code 8qfb,,,,,,,,,,,,,,,,,,,,,,,,,,,,,,,,,
T1272s2,T1272s2,CASP16,9C3C,a,25,350,1,363,363,363,af2,1,results/20260604_134750_casp15_casp16_unique_lt1000_all_default-af2/sequences/T1272s2.fasta,results/20260604_134750_casp15_casp16_unique_lt1000_all_default-af2/predictions/T1272s2/af2,results/20260604_134750_casp15_casp16_unique_lt1000_all_default-af2/predictions/T1272s2/af2/rank_001.pdb,results/20260604_134750_casp15_casp16_unique_lt1000_all_default-af2/predictions/T1272s2/af2/rank_001.pdb,pending,,,,,results/20260604_134750_casp15_casp16_unique_lt1000_all_default-af2/logs/T1272s2_af2.log,,,Check,Check,multiple equivalent chains match,1.000000,0.898072,0.972393,317,326,medium,mapped from mmCIF atom_site CA records; 9 aligned positions lack resolved CA atoms,Prot,A1,dystrophin-glycoprotein complex (DGC) PDB code 9c3c,,,,,,,,,,,,,,,,,,,,,,,,,,,,,,,,,
T1272s3,T1272s3,CASP16,9C3C,b,57,318,1,318,318,318,af2,1,results/20260604_134750_casp15_casp16_unique_lt1000_all_default-af2/sequences/T1272s3.fasta,results/20260604_134750_casp15_casp16_unique_lt1000_all_default-af2/predictions/T1272s3/af2,results/20260604_134750_casp15_casp16_unique_lt1000_all_default-af2/predictions/T1272s3/af2/rank_001.pdb,results/20260604_134750_casp15_casp16_unique_lt1000_all_default-af2/predictions/T1272s3/af2/rank_001.pdb,pending,,,,,results/20260604_134750_casp15_casp16_unique_lt1000_all_default-af2/logs/T1272s3_af2.log,,,Check,Check,multiple equivalent chains match,1.000000,1.000000,0.823899,262,318,high,mapped from mmCIF atom_site CA records; 56 aligned positions lack resolved CA atoms,Prot,A1,dystrophin-glycoprotein complex (DGC) PDB code 9c3c,,,,,,,,,,,,,,,,,,,,,,,,,,,,,,,,,
T1272s4,T1272s4,CASP16,9C3C,d,21,289,1,289,289,289,af2,1,results/20260604_134750_casp15_casp16_unique_lt1000_all_default-af2/sequences/T1272s4.fasta,results/20260604_134750_casp15_casp16_unique_lt1000_all_default-af2/predictions/T1272s4/af2,results/20260604_134750_casp15_casp16_unique_lt1000_all_default-af2/predictions/T1272s4/af2/rank_001.pdb,results/20260604_134750_casp15_casp16_unique_lt1000_all_default-af2/predictions/T1272s4/af2/rank_001.pdb,pending,,,,,results/20260604_134750_casp15_casp16_unique_lt1000_all_default-af2/logs/T1272s4_af2.log,,,Check,Check,multiple equivalent chains match,1.000000,1.000000,0.930796,269,289,high,mapped from mmCIF atom_site CA records; 20 aligned positions lack resolved CA atoms,Prot,A1,dystrophin-glycoprotein complex (DGC) PDB code 9c3c,,,,,,,,,,,,,,,,,,,,,,,,,,,,,,,,,
T1272s5,T1272s5,CASP16,9C3C,g,28,291,1,291,291,291,af2,1,results/20260604_134750_casp15_casp16_unique_lt1000_all_default-af2/sequences/T1272s5.fasta,results/20260604_134750_casp15_casp16_unique_lt1000_all_default-af2/predictions/T1272s5/af2,results/20260604_134750_casp15_casp16_unique_lt1000_all_default-af2/predictions/T1272s5/af2/rank_001.pdb,results/20260604_134750_casp15_casp16_unique_lt1000_all_default-af2/predictions/T1272s5/af2/rank_001.pdb,pending,,,,,results/20260604_134750_casp15_casp16_unique_lt1000_all_default-af2/logs/T1272s5_af2.log,,,Check,Check,multiple equivalent chains match,1.000000,1.000000,0.907216,264,291,high,mapped from mmCIF atom_site CA records; 27 aligned positions lack resolved CA atoms,Prot,A1,dystrophin-glycoprotein complex (DGC) PDB code 9c3c,,,,,,,,,,,,,,,,,,,,,,,,,,,,,,,,,
T1272s6,T1272s6,CASP16,9C3C,A,63,653,1,624,624,624,af2,1,results/20260604_134750_casp15_casp16_unique_lt1000_all_default-af2/sequences/T1272s6.fasta,results/20260604_134750_casp15_casp16_unique_lt1000_all_default-af2/predictions/T1272s6/af2,results/20260604_134750_casp15_casp16_unique_lt1000_all_default-af2/predictions/T1272s6/af2/rank_001.pdb,results/20260604_134750_casp15_casp16_unique_lt1000_all_default-af2/predictions/T1272s6/af2/rank_001.pdb,pending,,,,,results/20260604_134750_casp15_casp16_unique_lt1000_all_default-af2/logs/T1272s6_af2.log,,,Check,Check,reference coverage below threshold 0.641,1.000000,1.000000,0.641026,400,624,high,mapped from mmCIF atom_site CA records; 224 aligned positions lack resolved CA atoms,Prot,A1,dystrophin-glycoprotein complex (DGC) PDB code 9c3c,,,,,,,,,,,,,,,,,,,,,,,,,,,,,,,,,
T1272s7,T1272s7,CASP16,9C3C,B,654,798,1,242,242,242,af2,1,results/20260604_134750_casp15_casp16_unique_lt1000_all_default-af2/sequences/T1272s7.fasta,results/20260604_134750_casp15_casp16_unique_lt1000_all_default-af2/predictions/T1272s7/af2,results/20260604_134750_casp15_casp16_unique_lt1000_all_default-af2/predictions/T1272s7/af2/rank_001.pdb,results/20260604_134750_casp15_casp16_unique_lt1000_all_default-af2/predictions/T1272s7/af2/rank_001.pdb,pending,,,,,results/20260604_134750_casp15_casp16_unique_lt1000_all_default-af2/logs/T1272s7_af2.log,,,No,No,chain mapping below threshold identity=1.000 coverage=0.599,1.000000,0.599174,1.000000,145,145,low,mapped from mmCIF atom_site CA records,Prot,A1,dystrophin-glycoprotein complex (DGC) PDB code 9c3c,,,,,,,,,,,,,,,,,,,,,,,,,,,,,,,,,
T1272s9,T1272s9,CASP16,9C3C,n,42,216,1,238,238,238,af2,1,results/20260604_134750_casp15_casp16_unique_lt1000_all_default-af2/sequences/T1272s9.fasta,results/20260604_134750_casp15_casp16_unique_lt1000_all_default-af2/predictions/T1272s9/af2,results/20260604_134750_casp15_casp16_unique_lt1000_all_default-af2/predictions/T1272s9/af2/rank_001.pdb,results/20260604_134750_casp15_casp16_unique_lt1000_all_default-af2/predictions/T1272s9/af2/rank_001.pdb,pending,,,,,results/20260604_134750_casp15_casp16_unique_lt1000_all_default-af2/logs/T1272s9_af2.log,,,Check,Check,reference coverage below threshold 0.735; multiple equivalent chains match,1.000000,1.000000,0.735294,175,238,high,mapped from mmCIF atom_site CA records; 63 aligned positions lack resolved CA atoms,Prot,A1,dystrophin-glycoprotein complex (DGC) PDB code 9c3c,,,,,,,,,,,,,,,,,,,,,,,,,,,,,,,,,
T1280,T1280,CASP16,9F5M,AAA,615,848,1,237,237,237,af2,1,results/20260604_134750_casp15_casp16_unique_lt1000_all_default-af2/sequences/T1280.fasta,results/20260604_134750_casp15_casp16_unique_lt1000_all_default-af2/predictions/T1280/af2,results/20260604_134750_casp15_casp16_unique_lt1000_all_default-af2/predictions/T1280/af2/rank_001.pdb,results/20260604_134750_casp15_casp16_unique_lt1000_all_default-af2/predictions/T1280/af2/rank_001.pdb,pending,,,,,results/20260604_134750_casp15_casp16_unique_lt1000_all_default-af2/logs/T1280_af2.log,,,Check,Check,multiple equivalent chains match,1.000000,0.991561,0.995745,234,235,high,mapped from mmCIF atom_site CA records; 1 aligned positions lack resolved CA atoms,Prot,A1,C-terminal domain of bacteriophage K gp155 PDB code 9f5m,,,,,,,,,,,,,,,,,,,,,,,,,,,,,,,,,
T1299,T1299,CASP16,9FJL,A,1,168,1,168,168,168,af2,1,results/20260604_134750_casp15_casp16_unique_lt1000_all_default-af2/sequences/T1299.fasta,results/20260604_134750_casp15_casp16_unique_lt1000_all_default-af2/predictions/T1299/af2,results/20260604_134750_casp15_casp16_unique_lt1000_all_default-af2/predictions/T1299/af2/rank_001.pdb,results/20260604_134750_casp15_casp16_unique_lt1000_all_default-af2/predictions/T1299/af2/rank_001.pdb,pending,,,,,results/20260604_134750_casp15_casp16_unique_lt1000_all_default-af2/logs/T1299_af2.log,,,Yes,Yes,prefiltered A1 protein target with mapped residue range,1.000000,1.000000,1.000000,168,168,high,mapped from mmCIF atom_site CA records,Prot,A1,9FJL PDB code 9fjl,,,,,,,,,,,,,,,,,,,,,,,,,,,,,,,,,
