domain_id,target_id,casp_round,pdb_id,chain_id,residue_start,residue_end,sequence_start,sequence_end,target_length,sequence_length,model,rank,input_fasta,output_dir,output_pdb,output_structure,success,return_code,start_time,end_time,runtime_sec,log_file,command,error_message,should_use,target_qc_status,qc_reason,mapping_identity,mapping_coverage,reference_coverage,resolved_ca_count,expected_mapped_residue_count,chain_assignment_confidence,residue_mapping_note,type,stoichiometry,description,msa_used,msa_source,msa_mode,msa_database,msa_database_path,msa_a3m_file,msa_build_runtime_sec,msa_build_carbon_emissions_g,msa_build_energy_consumed_kwh,msa_build_included_in_runtime,msa_build_included_in_carbon,msa_reused,inference_runtime_sec,inference_carbon_emissions_g,inference_energy_consumed_kwh,total_runtime_sec,total_carbon_emissions_g,total_energy_consumed_kwh,shared_msa_source_model,shared_msa_a3m_file,shared_msa_dir,stage_metadata_note
T1104,T1104,CASP15,7ROA,A,58,189,1,117,117,117,colabfold,1,results/20260603_142659_casp15_casp16_unique_lt1000_all_default_colabfold/sequences/T1104.fasta,results/20260603_142659_casp15_casp16_unique_lt1000_all_default_colabfold/predictions/T1104/colabfold,results/20260603_142659_casp15_casp16_unique_lt1000_all_default_colabfold/predictions/T1104/colabfold/rank_001.pdb,results/20260603_142659_casp15_casp16_unique_lt1000_all_default_colabfold/predictions/T1104/colabfold/rank_001.pdb,True,0,2026-06-03T14:27:00+02:00,2026-06-03T14:36:50+02:00,590,results/20260603_142659_casp15_casp16_unique_lt1000_all_default_colabfold/logs/T1104_colabfold.log,bash runners/run_colabfold.sh results/20260603_142659_casp15_casp16_unique_lt1000_all_default_colabfold/sequences/T1104.fasta results/20260603_142659_casp15_casp16_unique_lt1000_all_default_colabfold/predictions/T1104/colabfold 1,,Yes,Yes,prefiltered A1 protein target with mapped residue range,1.0,1.0,0.871212,115,132,high,mapped from mmCIF atom_site CA records; 17 aligned positions lack resolved CA atoms,All groups,A1,EntV136 PDB code 7roa,True,colabfold_mmseqs2,mmseqs2_uniref_env,colabfold,/data/chen/protein_folding_databases/colabfold,results/20260603_142659_casp15_casp16_unique_lt1000_all_default_colabfold/predictions/T1104/colabfold/tmp_colabfold_msa_search/T1104_qc_Yes_CASP15_7ROA_A_residue_58-189_seq_1-117_coverage_0.871212.a3m,482,7.350704907507474,0.0154751682263315,True,True,False,108.0,2.3426301513917878,0.0049318529502985,590.0,9.693335058899262,0.02040702117663,,,,ColabFold local MMseqs2 MSA search measured separately from colabfold_batch inference.
T1106s1,T1106s1,CASP15,7QIH,B,50,120,1,122,122,122,colabfold,1,results/20260603_142659_casp15_casp16_unique_lt1000_all_default_colabfold/sequences/T1106s1.fasta,results/20260603_142659_casp15_casp16_unique_lt1000_all_default_colabfold/predictions/T1106s1/colabfold,results/20260603_142659_casp15_casp16_unique_lt1000_all_default_colabfold/predictions/T1106s1/colabfold/rank_001.pdb,results/20260603_142659_casp15_casp16_unique_lt1000_all_default_colabfold/predictions/T1106s1/colabfold/rank_001.pdb,True,0,2026-06-03T14:40:22+02:00,2026-06-03T14:50:36+02:00,614,results/20260603_142659_casp15_casp16_unique_lt1000_all_default_colabfold/logs/T1106s1_colabfold.log,bash runners/run_colabfold.sh results/20260603_142659_casp15_casp16_unique_lt1000_all_default_colabfold/sequences/T1106s1.fasta results/20260603_142659_casp15_casp16_unique_lt1000_all_default_colabfold/predictions/T1106s1/colabfold 1,,No,No,chain mapping below threshold identity=1.000 coverage=0.615; multiple equivalent chains match,1.0,0.614754,0.946667,71,75,low,mapped from mmCIF atom_site CA records; 4 aligned positions lack resolved CA atoms,All groups,A1,YscY-YscX PDB code 7qih,True,colabfold_mmseqs2,mmseqs2_uniref_env,colabfold,/data/chen/protein_folding_databases/colabfold,results/20260603_142659_casp15_casp16_unique_lt1000_all_default_colabfold/predictions/T1106s1/colabfold/tmp_colabfold_msa_search/T1106s1_qc_No_CASP15_7QIH_B_residue_50-120_seq_1-122_coverage_0.946667.a3m,495,7.709543275974767,0.0162306174231047,True,True,False,118.0,2.5189355044388355,0.005303022114608,613.0,10.228478780413605,0.0215336395377128,,,,ColabFold local MMseqs2 MSA search measured separately from colabfold_batch inference.
T1106s2,T1106s2,CASP15,7QIH,A,2,112,1,114,114,114,colabfold,1,results/20260603_142659_casp15_casp16_unique_lt1000_all_default_colabfold/sequences/T1106s2.fasta,results/20260603_142659_casp15_casp16_unique_lt1000_all_default_colabfold/predictions/T1106s2/colabfold,results/20260603_142659_casp15_casp16_unique_lt1000_all_default_colabfold/predictions/T1106s2/colabfold/rank_001.pdb,results/20260603_142659_casp15_casp16_unique_lt1000_all_default_colabfold/predictions/T1106s2/colabfold/rank_001.pdb,True,0,2026-06-03T14:54:13+02:00,2026-06-03T15:04:48+02:00,635,results/20260603_142659_casp15_casp16_unique_lt1000_all_default_colabfold/logs/T1106s2_colabfold.log,bash runners/run_colabfold.sh results/20260603_142659_casp15_casp16_unique_lt1000_all_default_colabfold/sequences/T1106s2.fasta results/20260603_142659_casp15_casp16_unique_lt1000_all_default_colabfold/predictions/T1106s2/colabfold 1,,Check,Check,multiple equivalent chains match,1.0,1.0,0.909836,111,122,high,mapped from mmCIF atom_site CA records; 11 aligned positions lack resolved CA atoms,All groups,A1,YscY-YscX PDB code 7qih,True,colabfold_mmseqs2,mmseqs2_uniref_env,colabfold,/data/chen/protein_folding_databases/colabfold,results/20260603_142659_casp15_casp16_unique_lt1000_all_default_colabfold/predictions/T1106s2/colabfold/tmp_colabfold_msa_search/T1106s2_qc_Check_CASP15_7QIH_A_residue_2-112_seq_1-114_coverage_0.909836.a3m,514,7.981798740830475,0.016803786822801,True,True,False,121.0,2.585466964325009,0.0054430883459473,635.0,10.567265705155483,0.0222468751687483,,,,ColabFold local MMseqs2 MSA search measured separately from colabfold_batch inference.
T1112,T1112,CASP15,8ORK,AAA,2,460,1,460,460,460,colabfold,1,results/20260603_142659_casp15_casp16_unique_lt1000_all_default_colabfold/sequences/T1112.fasta,results/20260603_142659_casp15_casp16_unique_lt1000_all_default_colabfold/predictions/T1112/colabfold,results/20260603_142659_casp15_casp16_unique_lt1000_all_default_colabfold/predictions/T1112/colabfold/rank_001.pdb,results/20260603_142659_casp15_casp16_unique_lt1000_all_default_colabfold/predictions/T1112/colabfold/rank_001.pdb,True,0,2026-06-03T15:08:20+02:00,2026-06-03T15:19:10+02:00,650,results/20260603_142659_casp15_casp16_unique_lt1000_all_default_colabfold/logs/T1112_colabfold.log,bash runners/run_colabfold.sh results/20260603_142659_casp15_casp16_unique_lt1000_all_default_colabfold/sequences/T1112.fasta results/20260603_142659_casp15_casp16_unique_lt1000_all_default_colabfold/predictions/T1112/colabfold 1,,Check,Check,multiple equivalent chains match,1.0,1.0,0.973913,448,460,high,mapped from mmCIF atom_site CA records; 12 aligned positions lack resolved CA atoms,All groups,A1,O93732.1 PDB code 8ork,True,colabfold_mmseqs2,mmseqs2_uniref_env,colabfold,/data/chen/protein_folding_databases/colabfold,results/20260603_142659_casp15_casp16_unique_lt1000_all_default_colabfold/predictions/T1112/colabfold/tmp_colabfold_msa_search/T1112_qc_Check_CASP15_8ORK_AAA_residue_2-460_seq_1-460_coverage_0.973913.a3m,503,8.079588193289556,0.0170096593542938,True,True,False,146.0,3.50009811661628,0.007368627613929,649.0,11.579686309905837,0.0243782869682228,,,,ColabFold local MMseqs2 MSA search measured separately from colabfold_batch inference.
T1114s1,T1114s1,CASP15,7UTD,Q,20,78,1,189,189,189,colabfold,1,results/20260603_142659_casp15_casp16_unique_lt1000_all_default_colabfold/sequences/T1114s1.fasta,results/20260603_142659_casp15_casp16_unique_lt1000_all_default_colabfold/predictions/T1114s1/colabfold,results/20260603_142659_casp15_casp16_unique_lt1000_all_default_colabfold/predictions/T1114s1/colabfold/rank_001.pdb,results/20260603_142659_casp15_casp16_unique_lt1000_all_default_colabfold/predictions/T1114s1/colabfold/rank_001.pdb,True,0,2026-06-03T15:35:53+02:00,2026-06-03T15:46:16+02:00,623,results/20260603_142659_casp15_casp16_unique_lt1000_all_default_colabfold/logs/T1114s1_colabfold.log,bash runners/run_colabfold.sh results/20260603_142659_casp15_casp16_unique_lt1000_all_default_colabfold/sequences/T1114s1.fasta results/20260603_142659_casp15_casp16_unique_lt1000_all_default_colabfold/predictions/T1114s1/colabfold 1,,No,No,chain mapping below threshold identity=1.000 coverage=0.317; multiple equivalent chains match,1.0,0.31746,0.983333,59,60,low,mapped from mmCIF atom_site CA records; 1 aligned positions lack resolved CA atoms,All groups,A1,"A0QUM5, A0QUM6, A0QUM7 PDB code 7utd",True,colabfold_mmseqs2,mmseqs2_uniref_env,colabfold,/data/chen/protein_folding_databases/colabfold,results/20260603_142659_casp15_casp16_unique_lt1000_all_default_colabfold/predictions/T1114s1/colabfold/tmp_colabfold_msa_search/T1114s1_qc_No_CASP15_7UTD_Q_residue_20-78_seq_1-189_coverage_0.983333.a3m,487,7.695032424384155,0.0162000682618613,True,True,False,135.0,2.905441781421884,0.0061167195398355,622.0,10.600474205806035,0.0223167878016969,,,,ColabFold local MMseqs2 MSA search measured separately from colabfold_batch inference.
T1114s2,T1114s2,CASP15,7UTD,B,2,323,1,369,369,369,colabfold,1,results/20260603_142659_casp15_casp16_unique_lt1000_all_default_colabfold/sequences/T1114s2.fasta,results/20260603_142659_casp15_casp16_unique_lt1000_all_default_colabfold/predictions/T1114s2/colabfold,results/20260603_142659_casp15_casp16_unique_lt1000_all_default_colabfold/predictions/T1114s2/colabfold/rank_001.pdb,results/20260603_142659_casp15_casp16_unique_lt1000_all_default_colabfold/predictions/T1114s2/colabfold/rank_001.pdb,True,0,2026-06-03T15:50:55+02:00,2026-06-03T16:01:44+02:00,649,results/20260603_142659_casp15_casp16_unique_lt1000_all_default_colabfold/logs/T1114s2_colabfold.log,bash runners/run_colabfold.sh results/20260603_142659_casp15_casp16_unique_lt1000_all_default_colabfold/sequences/T1114s2.fasta results/20260603_142659_casp15_casp16_unique_lt1000_all_default_colabfold/predictions/T1114s2/colabfold 1,,Check,Check,multiple equivalent chains match,1.0,1.0,0.872629,322,369,high,mapped from mmCIF atom_site CA records; 47 aligned positions lack resolved CA atoms,All groups,A1,"A0QUM5, A0QUM6, A0QUM7 PDB code 7utd",True,colabfold_mmseqs2,mmseqs2_uniref_env,colabfold,/data/chen/protein_folding_databases/colabfold,results/20260603_142659_casp15_casp16_unique_lt1000_all_default_colabfold/predictions/T1114s2/colabfold/tmp_colabfold_msa_search/T1114s2_qc_Check_CASP15_7UTD_B_residue_2-323_seq_1-369_coverage_0.872629.a3m,494,7.837557282486434,0.0165001205947082,True,True,False,155.0,3.5464700243908123,0.007466252682928,649.0,11.384027306877249,0.0239663732776363,,,,ColabFold local MMseqs2 MSA search measured separately from colabfold_batch inference.
T1114s3,T1114s3,CASP15,7UTD,A,4,516,1,535,535,535,colabfold,1,results/20260603_142659_casp15_casp16_unique_lt1000_all_default_colabfold/sequences/T1114s3.fasta,results/20260603_142659_casp15_casp16_unique_lt1000_all_default_colabfold/predictions/T1114s3/colabfold,results/20260603_142659_casp15_casp16_unique_lt1000_all_default_colabfold/predictions/T1114s3/colabfold/rank_001.pdb,results/20260603_142659_casp15_casp16_unique_lt1000_all_default_colabfold/predictions/T1114s3/colabfold/rank_001.pdb,True,0,2026-06-03T16:14:39+02:00,2026-06-03T16:26:18+02:00,699,results/20260603_142659_casp15_casp16_unique_lt1000_all_default_colabfold/logs/T1114s3_colabfold.log,bash runners/run_colabfold.sh results/20260603_142659_casp15_casp16_unique_lt1000_all_default_colabfold/sequences/T1114s3.fasta results/20260603_142659_casp15_casp16_unique_lt1000_all_default_colabfold/predictions/T1114s3/colabfold 1,,Check,Check,multiple equivalent chains match,1.0,0.958879,0.998051,512,513,high,mapped from mmCIF atom_site CA records; 1 aligned positions lack resolved CA atoms,All groups,A1,"A0QUM5, A0QUM6, A0QUM7 PDB code 7utd",True,colabfold_mmseqs2,mmseqs2_uniref_env,colabfold,/data/chen/protein_folding_databases/colabfold,results/20260603_142659_casp15_casp16_unique_lt1000_all_default_colabfold/predictions/T1114s3/colabfold/tmp_colabfold_msa_search/T1114s3_qc_Check_CASP15_7UTD_A_residue_4-516_seq_1-535_coverage_0.998051.a3m,512,8.204328002005301,0.0172722694779058,True,True,False,186.0,4.51268040340671,0.0095003797966457,698.0,12.717008405412011,0.0267726492745516,,,,ColabFold local MMseqs2 MSA search measured separately from colabfold_batch inference.
T1120,T1120,CASP15,7QVB,B,4,231,1,235,235,235,colabfold,1,results/20260603_142659_casp15_casp16_unique_lt1000_all_default_colabfold/sequences/T1120.fasta,results/20260603_142659_casp15_casp16_unique_lt1000_all_default_colabfold/predictions/T1120/colabfold,results/20260603_142659_casp15_casp16_unique_lt1000_all_default_colabfold/predictions/T1120/colabfold/rank_001.pdb,results/20260603_142659_casp15_casp16_unique_lt1000_all_default_colabfold/predictions/T1120/colabfold/rank_001.pdb,True,0,2026-06-03T16:55:27+02:00,2026-06-03T17:06:19+02:00,652,results/20260603_142659_casp15_casp16_unique_lt1000_all_default_colabfold/logs/T1120_colabfold.log,bash runners/run_colabfold.sh results/20260603_142659_casp15_casp16_unique_lt1000_all_default_colabfold/sequences/T1120.fasta results/20260603_142659_casp15_casp16_unique_lt1000_all_default_colabfold/predictions/T1120/colabfold 1,,Check,Check,multiple equivalent chains match,1.0,1.0,0.970213,228,235,high,mapped from mmCIF atom_site CA records; 7 aligned positions lack resolved CA atoms,All groups,A1,DdrC PDB code 7qvb,True,colabfold_mmseqs2,mmseqs2_uniref_env,colabfold,/data/chen/protein_folding_databases/colabfold,results/20260603_142659_casp15_casp16_unique_lt1000_all_default_colabfold/predictions/T1120/colabfold/tmp_colabfold_msa_search/T1120_qc_Check_CASP15_7QVB_B_residue_4-231_seq_1-235_coverage_0.970213.a3m,500,7.878973354006212,0.0165873123242236,True,True,False,150.0,3.053105543052215,0.006427590616952,650.0,10.932078897058428,0.0230149029411756,,,,ColabFold local MMseqs2 MSA search measured separately from colabfold_batch inference.
T1122,T1122,CASP15,8BBT,A,4,237,1,241,241,241,colabfold,1,results/20260603_142659_casp15_casp16_unique_lt1000_all_default_colabfold/sequences/T1122.fasta,results/20260603_142659_casp15_casp16_unique_lt1000_all_default_colabfold/predictions/T1122/colabfold,results/20260603_142659_casp15_casp16_unique_lt1000_all_default_colabfold/predictions/T1122/colabfold/rank_001.pdb,results/20260603_142659_casp15_casp16_unique_lt1000_all_default_colabfold/predictions/T1122/colabfold/rank_001.pdb,True,0,2026-06-03T17:12:31+02:00,2026-06-03T17:22:53+02:00,622,results/20260603_142659_casp15_casp16_unique_lt1000_all_default_colabfold/logs/T1122_colabfold.log,bash runners/run_colabfold.sh results/20260603_142659_casp15_casp16_unique_lt1000_all_default_colabfold/sequences/T1122.fasta results/20260603_142659_casp15_casp16_unique_lt1000_all_default_colabfold/predictions/T1122/colabfold 1,,Yes,Yes,prefiltered A1 protein target with mapped residue range,1.0,1.0,0.954357,230,241,high,mapped from mmCIF atom_site CA records; 11 aligned positions lack resolved CA atoms,All groups,A1,A0A0B4VFQ3 PDB code 8bbt,True,colabfold_mmseqs2,mmseqs2_uniref_env,colabfold,/data/chen/protein_folding_databases/colabfold,results/20260603_142659_casp15_casp16_unique_lt1000_all_default_colabfold/predictions/T1122/colabfold/tmp_colabfold_msa_search/T1122_qc_Yes_CASP15_8BBT_A_residue_4-237_seq_1-241_coverage_0.954357.a3m,506,8.002479920429582,0.0168473261482728,True,True,False,116.0,2.513660434606632,0.005291916704435,622.0,10.516140355036214,0.0221392428527078,,,,ColabFold local MMseqs2 MSA search measured separately from colabfold_batch inference.
T1129s2,T1129s2,CASP15,8A8C,B,41,640,1,640,640,640,colabfold,1,results/20260603_142659_casp15_casp16_unique_lt1000_all_default_colabfold/sequences/T1129s2.fasta,results/20260603_142659_casp15_casp16_unique_lt1000_all_default_colabfold/predictions/T1129s2/colabfold,results/20260603_142659_casp15_casp16_unique_lt1000_all_default_colabfold/predictions/T1129s2/colabfold/rank_001.pdb,results/20260603_142659_casp15_casp16_unique_lt1000_all_default_colabfold/predictions/T1129s2/colabfold/rank_001.pdb,True,0,2026-06-03T17:29:00+02:00,2026-06-03T17:39:34+02:00,634,results/20260603_142659_casp15_casp16_unique_lt1000_all_default_colabfold/logs/T1129s2_colabfold.log,bash runners/run_colabfold.sh results/20260603_142659_casp15_casp16_unique_lt1000_all_default_colabfold/sequences/T1129s2.fasta results/20260603_142659_casp15_casp16_unique_lt1000_all_default_colabfold/predictions/T1129s2/colabfold 1,,Yes,Yes,prefiltered A1 protein target with mapped residue range,1.0,1.0,0.825,528,640,high,mapped from mmCIF atom_site CA records; 112 aligned positions lack resolved CA atoms,All groups,A1,P06971; P23207 PDB code 8a8c,True,colabfold_mmseqs2,mmseqs2_uniref_env,colabfold,/data/chen/protein_folding_databases/colabfold,results/20260603_142659_casp15_casp16_unique_lt1000_all_default_colabfold/predictions/T1129s2/colabfold/tmp_colabfold_msa_search/T1129s2_qc_Yes_CASP15_8A8C_B_residue_41-640_seq_1-640_coverage_0.825000.a3m,494,8.014984531996308,0.016873651646308,True,True,False,139.0,3.414433603040271,0.0071882812695584,633.0,11.42941813503658,0.0240619329158664,,,,ColabFold local MMseqs2 MSA search measured separately from colabfold_batch inference.
T1133,T1133,CASP15,8DYS,A,4,427,1,585,585,585,colabfold,1,results/20260603_142659_casp15_casp16_unique_lt1000_all_default_colabfold/sequences/T1133.fasta,results/20260603_142659_casp15_casp16_unique_lt1000_all_default_colabfold/predictions/T1133/colabfold,results/20260603_142659_casp15_casp16_unique_lt1000_all_default_colabfold/predictions/T1133/colabfold/rank_001.pdb,results/20260603_142659_casp15_casp16_unique_lt1000_all_default_colabfold/predictions/T1133/colabfold/rank_001.pdb,True,0,2026-06-03T18:21:08+02:00,2026-06-03T18:33:13+02:00,725,results/20260603_142659_casp15_casp16_unique_lt1000_all_default_colabfold/logs/T1133_colabfold.log,bash runners/run_colabfold.sh results/20260603_142659_casp15_casp16_unique_lt1000_all_default_colabfold/sequences/T1133.fasta results/20260603_142659_casp15_casp16_unique_lt1000_all_default_colabfold/predictions/T1133/colabfold 1,,Check,Check,reference coverage below threshold 0.699,1.0,1.0,0.699145,409,585,high,mapped from mmCIF atom_site CA records; 176 aligned positions lack resolved CA atoms,All groups,A1,Q9BY44 PDB code 8dys,True,colabfold_mmseqs2,mmseqs2_uniref_env,colabfold,/data/chen/protein_folding_databases/colabfold,results/20260603_142659_casp15_casp16_unique_lt1000_all_default_colabfold/predictions/T1133/colabfold/tmp_colabfold_msa_search/T1133_qc_Check_CASP15_8DYS_A_residue_4-427_seq_1-585_coverage_0.699145.a3m,538,8.533183673811552,0.0179645972080243,True,True,False,187.0,4.6295204142323465,0.0097463587668049,725.0,13.1627040880439,0.0277109559748292,,,,ColabFold local MMseqs2 MSA search measured separately from colabfold_batch inference.
T1134s1,T1134s1,CASP15,7UBZ,A,1,230,1,230,230,230,colabfold,1,results/20260603_142659_casp15_casp16_unique_lt1000_all_default_colabfold/sequences/T1134s1.fasta,results/20260603_142659_casp15_casp16_unique_lt1000_all_default_colabfold/predictions/T1134s1/colabfold,results/20260603_142659_casp15_casp16_unique_lt1000_all_default_colabfold/predictions/T1134s1/colabfold/rank_001.pdb,results/20260603_142659_casp15_casp16_unique_lt1000_all_default_colabfold/predictions/T1134s1/colabfold/rank_001.pdb,True,0,2026-06-03T19:05:02+02:00,2026-06-03T19:15:52+02:00,650,results/20260603_142659_casp15_casp16_unique_lt1000_all_default_colabfold/logs/T1134s1_colabfold.log,bash runners/run_colabfold.sh results/20260603_142659_casp15_casp16_unique_lt1000_all_default_colabfold/sequences/T1134s1.fasta results/20260603_142659_casp15_casp16_unique_lt1000_all_default_colabfold/predictions/T1134s1/colabfold 1,,Check,Check,multiple equivalent chains match,1.0,1.0,1.0,230,230,high,mapped from mmCIF atom_site CA records,All groups,A1,"TleTli or WP_062934778.1, WP_013096194 PDB code 7ubz",True,colabfold_mmseqs2,mmseqs2_uniref_env,colabfold,/data/chen/protein_folding_databases/colabfold,results/20260603_142659_casp15_casp16_unique_lt1000_all_default_colabfold/predictions/T1134s1/colabfold/tmp_colabfold_msa_search/T1134s1_qc_Check_CASP15_7UBZ_A_residue_1-230_seq_1-230_coverage_1.000000.a3m,509,8.023340187807488,0.0168912425006473,True,True,False,140.0,3.006447068843197,0.0063293622501962,649.0,11.029787256650684,0.0232206047508435,,,,ColabFold local MMseqs2 MSA search measured separately from colabfold_batch inference.
T1134s2,T1134s2,CASP15,7UBZ,D,168,472,1,313,313,313,colabfold,1,results/20260603_142659_casp15_casp16_unique_lt1000_all_default_colabfold/sequences/T1134s2.fasta,results/20260603_142659_casp15_casp16_unique_lt1000_all_default_colabfold/predictions/T1134s2/colabfold,results/20260603_142659_casp15_casp16_unique_lt1000_all_default_colabfold/predictions/T1134s2/colabfold/rank_001.pdb,results/20260603_142659_casp15_casp16_unique_lt1000_all_default_colabfold/predictions/T1134s2/colabfold/rank_001.pdb,True,0,2026-06-03T19:21:38+02:00,2026-06-03T19:32:32+02:00,654,results/20260603_142659_casp15_casp16_unique_lt1000_all_default_colabfold/logs/T1134s2_colabfold.log,bash runners/run_colabfold.sh results/20260603_142659_casp15_casp16_unique_lt1000_all_default_colabfold/sequences/T1134s2.fasta results/20260603_142659_casp15_casp16_unique_lt1000_all_default_colabfold/predictions/T1134s2/colabfold 1,,Check,Check,reference coverage below threshold 0.645; multiple equivalent chains match,1.0,1.0,0.645367,202,313,high,mapped from mmCIF atom_site CA records; 111 aligned positions lack resolved CA atoms,All groups,A1,"TleTli or WP_062934778.1, WP_013096194 PDB code 7ubz",True,colabfold_mmseqs2,mmseqs2_uniref_env,colabfold,/data/chen/protein_folding_databases/colabfold,results/20260603_142659_casp15_casp16_unique_lt1000_all_default_colabfold/predictions/T1134s2/colabfold/tmp_colabfold_msa_search/T1134s2_qc_Check_CASP15_7UBZ_D_residue_168-472_seq_1-313_coverage_0.645367.a3m,504,7.90373884173922,0.0166394501931352,True,True,False,150.0,3.3464327258713,0.0070451215281501,654.0,11.25017156761052,0.0236845717212853,,,,ColabFold local MMseqs2 MSA search measured separately from colabfold_batch inference.
T1137s1,T1137s1,CASP15,8FEF,A,18,409,1,409,409,409,colabfold,1,results/20260603_142659_casp15_casp16_unique_lt1000_all_default_colabfold/sequences/T1137s1.fasta,results/20260603_142659_casp15_casp16_unique_lt1000_all_default_colabfold/predictions/T1137s1/colabfold,results/20260603_142659_casp15_casp16_unique_lt1000_all_default_colabfold/predictions/T1137s1/colabfold/rank_001.pdb,results/20260603_142659_casp15_casp16_unique_lt1000_all_default_colabfold/predictions/T1137s1/colabfold/rank_001.pdb,True,0,2026-06-03T19:40:49+02:00,2026-06-03T19:52:09+02:00,680,results/20260603_142659_casp15_casp16_unique_lt1000_all_default_colabfold/logs/T1137s1_colabfold.log,bash runners/run_colabfold.sh results/20260603_142659_casp15_casp16_unique_lt1000_all_default_colabfold/sequences/T1137s1.fasta results/20260603_142659_casp15_casp16_unique_lt1000_all_default_colabfold/predictions/T1137s1/colabfold 1,,Yes,Yes,prefiltered A1 protein target with mapped residue range,1.0,1.0,0.958435,392,409,high,mapped from mmCIF atom_site CA records; 17 aligned positions lack resolved CA atoms,All groups,A1,MceG complex PDB code 8fef,True,colabfold_mmseqs2,mmseqs2_uniref_env,colabfold,/data/chen/protein_folding_databases/colabfold,results/20260603_142659_casp15_casp16_unique_lt1000_all_default_colabfold/predictions/T1137s1/colabfold/tmp_colabfold_msa_search/T1137s1_qc_Yes_CASP15_8FEF_A_residue_18-409_seq_1-409_coverage_0.958435.a3m,518,8.27252174762291,0.0174158352581534,True,True,False,160.0,3.702752209320036,0.0077952678090948,678.0,11.975273956942946,0.0252111030672483,,,,ColabFold local MMseqs2 MSA search measured separately from colabfold_batch inference.
T1137s2,T1137s2,CASP15,8FEF,B,2,343,1,343,343,343,colabfold,1,results/20260603_142659_casp15_casp16_unique_lt1000_all_default_colabfold/sequences/T1137s2.fasta,results/20260603_142659_casp15_casp16_unique_lt1000_all_default_colabfold/predictions/T1137s2/colabfold,results/20260603_142659_casp15_casp16_unique_lt1000_all_default_colabfold/predictions/T1137s2/colabfold/rank_001.pdb,results/20260603_142659_casp15_casp16_unique_lt1000_all_default_colabfold/predictions/T1137s2/colabfold/rank_001.pdb,True,0,2026-06-03T20:05:43+02:00,2026-06-03T20:17:06+02:00,683,results/20260603_142659_casp15_casp16_unique_lt1000_all_default_colabfold/logs/T1137s2_colabfold.log,bash runners/run_colabfold.sh results/20260603_142659_casp15_casp16_unique_lt1000_all_default_colabfold/sequences/T1137s2.fasta results/20260603_142659_casp15_casp16_unique_lt1000_all_default_colabfold/predictions/T1137s2/colabfold 1,,Yes,Yes,prefiltered A1 protein target with mapped residue range,1.0,1.0,0.976676,335,343,high,mapped from mmCIF atom_site CA records; 8 aligned positions lack resolved CA atoms,All groups,A1,MceG complex PDB code 8fef,True,colabfold_mmseqs2,mmseqs2_uniref_env,colabfold,/data/chen/protein_folding_databases/colabfold,results/20260603_142659_casp15_casp16_unique_lt1000_all_default_colabfold/predictions/T1137s2/colabfold/tmp_colabfold_msa_search/T1137s2_qc_Yes_CASP15_8FEF_B_residue_2-343_seq_1-343_coverage_0.976676.a3m,525,8.31571688928271,0.0175067723984899,True,True,False,157.0,3.5683184489684794,0.0075122493662494,682.0,11.88403533825119,0.0250190217647393,,,,ColabFold local MMseqs2 MSA search measured separately from colabfold_batch inference.
T1137s3,T1137s3,CASP15,8FEF,C,1,310,1,524,524,524,colabfold,1,results/20260603_142659_casp15_casp16_unique_lt1000_all_default_colabfold/sequences/T1137s3.fasta,results/20260603_142659_casp15_casp16_unique_lt1000_all_default_colabfold/predictions/T1137s3/colabfold,results/20260603_142659_casp15_casp16_unique_lt1000_all_default_colabfold/predictions/T1137s3/colabfold/rank_001.pdb,results/20260603_142659_casp15_casp16_unique_lt1000_all_default_colabfold/predictions/T1137s3/colabfold/rank_001.pdb,True,0,2026-06-03T20:28:35+02:00,2026-06-03T20:40:06+02:00,691,results/20260603_142659_casp15_casp16_unique_lt1000_all_default_colabfold/logs/T1137s3_colabfold.log,bash runners/run_colabfold.sh results/20260603_142659_casp15_casp16_unique_lt1000_all_default_colabfold/sequences/T1137s3.fasta results/20260603_142659_casp15_casp16_unique_lt1000_all_default_colabfold/predictions/T1137s3/colabfold 1,,Check,Check,reference coverage below threshold 0.592,1.0,1.0,0.591603,310,524,high,mapped from mmCIF atom_site CA records; 214 aligned positions lack resolved CA atoms,All groups,A1,MceG complex PDB code 8fef,True,colabfold_mmseqs2,mmseqs2_uniref_env,colabfold,/data/chen/protein_folding_databases/colabfold,results/20260603_142659_casp15_casp16_unique_lt1000_all_default_colabfold/predictions/T1137s3/colabfold/tmp_colabfold_msa_search/T1137s3_qc_Check_CASP15_8FEF_C_residue_1-310_seq_1-524_coverage_0.591603.a3m,531,8.4196141828878,0.0177255035429216,True,True,False,159.0,3.9761153011153834,0.0083707690549797,690.0,12.395729484003184,0.0260962725979014,,,,ColabFold local MMseqs2 MSA search measured separately from colabfold_batch inference.
T1137s4,T1137s4,CASP15,8FEF,D,42,468,1,547,547,547,colabfold,1,results/20260603_142659_casp15_casp16_unique_lt1000_all_default_colabfold/sequences/T1137s4.fasta,results/20260603_142659_casp15_casp16_unique_lt1000_all_default_colabfold/predictions/T1137s4/colabfold,results/20260603_142659_casp15_casp16_unique_lt1000_all_default_colabfold/predictions/T1137s4/colabfold/rank_001.pdb,results/20260603_142659_casp15_casp16_unique_lt1000_all_default_colabfold/predictions/T1137s4/colabfold/rank_001.pdb,True,0,2026-06-03T21:03:35+02:00,2026-06-03T21:15:41+02:00,726,results/20260603_142659_casp15_casp16_unique_lt1000_all_default_colabfold/logs/T1137s4_colabfold.log,bash runners/run_colabfold.sh results/20260603_142659_casp15_casp16_unique_lt1000_all_default_colabfold/sequences/T1137s4.fasta results/20260603_142659_casp15_casp16_unique_lt1000_all_default_colabfold/predictions/T1137s4/colabfold 1,,Check,Check,reference coverage below threshold 0.704,1.0,1.0,0.703839,385,547,high,mapped from mmCIF atom_site CA records; 162 aligned positions lack resolved CA atoms,All groups,A1,MceG complex PDB code 8fef,True,colabfold_mmseqs2,mmseqs2_uniref_env,colabfold,/data/chen/protein_folding_databases/colabfold,results/20260603_142659_casp15_casp16_unique_lt1000_all_default_colabfold/predictions/T1137s4/colabfold/tmp_colabfold_msa_search/T1137s4_qc_Check_CASP15_8FEF_D_residue_42-468_seq_1-547_coverage_0.703839.a3m,536,8.530513872267983,0.0179589765731957,True,True,False,190.0,4.601320375565104,0.0096869902643475,726.0,13.131834247833089,0.0276459668375433,,,,ColabFold local MMseqs2 MSA search measured separately from colabfold_batch inference.
T1137s5,T1137s5,CASP15,8FEF,E,33,390,1,390,390,390,colabfold,1,results/20260603_142659_casp15_casp16_unique_lt1000_all_default_colabfold/sequences/T1137s5.fasta,results/20260603_142659_casp15_casp16_unique_lt1000_all_default_colabfold/predictions/T1137s5/colabfold,results/20260603_142659_casp15_casp16_unique_lt1000_all_default_colabfold/predictions/T1137s5/colabfold/rank_001.pdb,results/20260603_142659_casp15_casp16_unique_lt1000_all_default_colabfold/predictions/T1137s5/colabfold/rank_001.pdb,True,0,2026-06-03T21:43:36+02:00,2026-06-03T21:55:12+02:00,696,results/20260603_142659_casp15_casp16_unique_lt1000_all_default_colabfold/logs/T1137s5_colabfold.log,bash runners/run_colabfold.sh results/20260603_142659_casp15_casp16_unique_lt1000_all_default_colabfold/sequences/T1137s5.fasta results/20260603_142659_casp15_casp16_unique_lt1000_all_default_colabfold/predictions/T1137s5/colabfold 1,,Yes,Yes,prefiltered A1 protein target with mapped residue range,1.0,1.0,0.917949,358,390,high,mapped from mmCIF atom_site CA records; 32 aligned positions lack resolved CA atoms,All groups,A1,MceG complex PDB code 8fef,True,colabfold_mmseqs2,mmseqs2_uniref_env,colabfold,/data/chen/protein_folding_databases/colabfold,results/20260603_142659_casp15_casp16_unique_lt1000_all_default_colabfold/predictions/T1137s5/colabfold/tmp_colabfold_msa_search/T1137s5_qc_Yes_CASP15_8FEF_E_residue_33-390_seq_1-390_coverage_0.917949.a3m,532,8.424232570021019,0.0177352264632021,True,True,False,164.0,3.734140053914676,0.0078613474819256,696.0,12.158372623935694,0.0255965739451277,,,,ColabFold local MMseqs2 MSA search measured separately from colabfold_batch inference.
T1137s6,T1137s6,CASP15,8FEF,F,1,399,1,518,518,518,colabfold,1,results/20260603_142659_casp15_casp16_unique_lt1000_all_default_colabfold/sequences/T1137s6.fasta,results/20260603_142659_casp15_casp16_unique_lt1000_all_default_colabfold/predictions/T1137s6/colabfold,results/20260603_142659_casp15_casp16_unique_lt1000_all_default_colabfold/predictions/T1137s6/colabfold/rank_001.pdb,results/20260603_142659_casp15_casp16_unique_lt1000_all_default_colabfold/predictions/T1137s6/colabfold/rank_001.pdb,True,0,2026-06-03T22:08:49+02:00,2026-06-03T22:20:33+02:00,704,results/20260603_142659_casp15_casp16_unique_lt1000_all_default_colabfold/logs/T1137s6_colabfold.log,bash runners/run_colabfold.sh results/20260603_142659_casp15_casp16_unique_lt1000_all_default_colabfold/sequences/T1137s6.fasta results/20260603_142659_casp15_casp16_unique_lt1000_all_default_colabfold/predictions/T1137s6/colabfold 1,,Check,Check,reference coverage below threshold 0.770,1.0,1.0,0.77027,399,518,high,mapped from mmCIF atom_site CA records; 119 aligned positions lack resolved CA atoms,All groups,A1,MceG complex PDB code 8fef,True,colabfold_mmseqs2,mmseqs2_uniref_env,colabfold,/data/chen/protein_folding_databases/colabfold,results/20260603_142659_casp15_casp16_unique_lt1000_all_default_colabfold/predictions/T1137s6/colabfold/tmp_colabfold_msa_search/T1137s6_qc_Check_CASP15_8FEF_F_residue_1-399_seq_1-518_coverage_0.770270.a3m,520,8.311935585470003,0.0174988117588842,True,True,False,183.0,4.425356085308678,0.0093165391269656,703.0,12.73729167077868,0.0268153508858498,,,,ColabFold local MMseqs2 MSA search measured separately from colabfold_batch inference.
T1137s7,T1137s7,CASP15,8FEF,G,2,325,1,653,653,653,colabfold,1,results/20260603_142659_casp15_casp16_unique_lt1000_all_default_colabfold/sequences/T1137s7.fasta,results/20260603_142659_casp15_casp16_unique_lt1000_all_default_colabfold/predictions/T1137s7/colabfold,results/20260603_142659_casp15_casp16_unique_lt1000_all_default_colabfold/predictions/T1137s7/colabfold/rank_001.pdb,results/20260603_142659_casp15_casp16_unique_lt1000_all_default_colabfold/predictions/T1137s7/colabfold/rank_001.pdb,True,0,2026-06-03T22:45:55+02:00,2026-06-03T23:02:06+02:00,971,results/20260603_142659_casp15_casp16_unique_lt1000_all_default_colabfold/logs/T1137s7_colabfold.log,bash runners/run_colabfold.sh results/20260603_142659_casp15_casp16_unique_lt1000_all_default_colabfold/sequences/T1137s7.fasta results/20260603_142659_casp15_casp16_unique_lt1000_all_default_colabfold/predictions/T1137s7/colabfold 1,,Check,Check,reference coverage below threshold 0.458; multiple equivalent chains match,1.0,1.0,0.457887,299,653,high,mapped from mmCIF atom_site CA records; 354 aligned positions lack resolved CA atoms,All groups,A1,MceG complex PDB code 8fef,True,colabfold_mmseqs2,mmseqs2_uniref_env,colabfold,/data/chen/protein_folding_databases/colabfold,results/20260603_142659_casp15_casp16_unique_lt1000_all_default_colabfold/predictions/T1137s7/colabfold/tmp_colabfold_msa_search/T1137s7_qc_Check_CASP15_8FEF_G_residue_2-325_seq_1-653_coverage_0.457887.a3m,760,11.53496087800247,0.0242841281642157,True,True,False,209.0,5.250699198755785,0.0110541035763279,969.0,16.785660076758255,0.0353382317405436,,,,ColabFold local MMseqs2 MSA search measured separately from colabfold_batch inference.
T1137s8,T1137s8,CASP15,8FEF,I,14,266,1,266,266,266,colabfold,1,results/20260603_142659_casp15_casp16_unique_lt1000_all_default_colabfold/sequences/T1137s8.fasta,results/20260603_142659_casp15_casp16_unique_lt1000_all_default_colabfold/predictions/T1137s8/colabfold,results/20260603_142659_casp15_casp16_unique_lt1000_all_default_colabfold/predictions/T1137s8/colabfold/rank_001.pdb,results/20260603_142659_casp15_casp16_unique_lt1000_all_default_colabfold/predictions/T1137s8/colabfold/rank_001.pdb,True,0,2026-06-03T23:52:21+02:00,2026-06-04T00:03:16+02:00,655,results/20260603_142659_casp15_casp16_unique_lt1000_all_default_colabfold/logs/T1137s8_colabfold.log,bash runners/run_colabfold.sh results/20260603_142659_casp15_casp16_unique_lt1000_all_default_colabfold/sequences/T1137s8.fasta results/20260603_142659_casp15_casp16_unique_lt1000_all_default_colabfold/predictions/T1137s8/colabfold 1,,Yes,Yes,prefiltered A1 protein target with mapped residue range,1.0,1.0,0.951128,253,266,high,mapped from mmCIF atom_site CA records; 13 aligned positions lack resolved CA atoms,All groups,A1,MceG complex PDB code 8fef,True,colabfold_mmseqs2,mmseqs2_uniref_env,colabfold,/data/chen/protein_folding_databases/colabfold,results/20260603_142659_casp15_casp16_unique_lt1000_all_default_colabfold/predictions/T1137s8/colabfold/tmp_colabfold_msa_search/T1137s8_qc_Yes_CASP15_8FEF_I_residue_14-266_seq_1-266_coverage_0.951128.a3m,507,8.015965457640803,0.016875716752928,True,True,False,147.0,3.2238783732960616,0.0067871123648338,654.0,11.239843830936865,0.0236628291177618,,,,ColabFold local MMseqs2 MSA search measured separately from colabfold_batch inference.
T1137s9,T1137s9,CASP15,8FEF,J,27,289,1,289,289,289,colabfold,1,results/20260603_142659_casp15_casp16_unique_lt1000_all_default_colabfold/sequences/T1137s9.fasta,results/20260603_142659_casp15_casp16_unique_lt1000_all_default_colabfold/predictions/T1137s9/colabfold,results/20260603_142659_casp15_casp16_unique_lt1000_all_default_colabfold/predictions/T1137s9/colabfold/rank_001.pdb,results/20260603_142659_casp15_casp16_unique_lt1000_all_default_colabfold/predictions/T1137s9/colabfold/rank_001.pdb,True,0,2026-06-04T00:11:20+02:00,2026-06-04T00:22:18+02:00,658,results/20260603_142659_casp15_casp16_unique_lt1000_all_default_colabfold/logs/T1137s9_colabfold.log,bash runners/run_colabfold.sh results/20260603_142659_casp15_casp16_unique_lt1000_all_default_colabfold/sequences/T1137s9.fasta results/20260603_142659_casp15_casp16_unique_lt1000_all_default_colabfold/predictions/T1137s9/colabfold 1,,Yes,Yes,prefiltered A1 protein target with mapped residue range,1.0,1.0,0.910035,263,289,high,mapped from mmCIF atom_site CA records; 26 aligned positions lack resolved CA atoms,All groups,A1,MceG complex PDB code 8fef,True,colabfold_mmseqs2,mmseqs2_uniref_env,colabfold,/data/chen/protein_folding_databases/colabfold,results/20260603_142659_casp15_casp16_unique_lt1000_all_default_colabfold/predictions/T1137s9/colabfold/tmp_colabfold_msa_search/T1137s9_qc_Yes_CASP15_8FEF_J_residue_27-289_seq_1-289_coverage_0.910035.a3m,505,7.885226931044782,0.0166004777495679,True,True,False,153.0,3.404938830894478,0.0071682922755673,658.0,11.29016576193926,0.0237687700251352,,,,ColabFold local MMseqs2 MSA search measured separately from colabfold_batch inference.
T1145,T1145,CASP15,7UWW,A,34,665,1,635,635,635,colabfold,1,results/20260603_142659_casp15_casp16_unique_lt1000_all_default_colabfold/sequences/T1145.fasta,results/20260603_142659_casp15_casp16_unique_lt1000_all_default_colabfold/predictions/T1145/colabfold,results/20260603_142659_casp15_casp16_unique_lt1000_all_default_colabfold/predictions/T1145/colabfold/rank_001.pdb,results/20260603_142659_casp15_casp16_unique_lt1000_all_default_colabfold/predictions/T1145/colabfold/rank_001.pdb,True,0,2026-06-04T00:30:46+02:00,2026-06-04T00:43:01+02:00,735,results/20260603_142659_casp15_casp16_unique_lt1000_all_default_colabfold/logs/T1145_colabfold.log,bash runners/run_colabfold.sh results/20260603_142659_casp15_casp16_unique_lt1000_all_default_colabfold/sequences/T1145.fasta results/20260603_142659_casp15_casp16_unique_lt1000_all_default_colabfold/predictions/T1145/colabfold 1,,Check,Check,multiple equivalent chains match,1.0,1.0,0.995276,632,635,high,mapped from mmCIF atom_site CA records; 3 aligned positions lack resolved CA atoms,All groups,A1,Starch binding protein PDB code 7uww,True,colabfold_mmseqs2,mmseqs2_uniref_env,colabfold,/data/chen/protein_folding_databases/colabfold,results/20260603_142659_casp15_casp16_unique_lt1000_all_default_colabfold/predictions/T1145/colabfold/tmp_colabfold_msa_search/T1145_qc_Check_CASP15_7UWW_A_residue_34-665_seq_1-635_coverage_0.995276.a3m,533,8.510541795277907,0.0179169300953219,True,True,False,201.0,4.867089467484843,0.0102465041420733,734.0,13.377631262762751,0.0281634342373952,,,,ColabFold local MMseqs2 MSA search measured separately from colabfold_batch inference.
T1147,T1147,CASP15,8EM5,A,12,103,1,103,103,103,colabfold,1,results/20260603_142659_casp15_casp16_unique_lt1000_all_default_colabfold/sequences/T1147.fasta,results/20260603_142659_casp15_casp16_unique_lt1000_all_default_colabfold/predictions/T1147/colabfold,results/20260603_142659_casp15_casp16_unique_lt1000_all_default_colabfold/predictions/T1147/colabfold/rank_001.pdb,results/20260603_142659_casp15_casp16_unique_lt1000_all_default_colabfold/predictions/T1147/colabfold/rank_001.pdb,True,0,2026-06-04T01:22:11+02:00,2026-06-04T01:32:51+02:00,640,results/20260603_142659_casp15_casp16_unique_lt1000_all_default_colabfold/logs/T1147_colabfold.log,bash runners/run_colabfold.sh results/20260603_142659_casp15_casp16_unique_lt1000_all_default_colabfold/sequences/T1147.fasta results/20260603_142659_casp15_casp16_unique_lt1000_all_default_colabfold/predictions/T1147/colabfold 1,,Check,Check,multiple equivalent chains match,1.0,1.0,0.893204,92,103,high,mapped from mmCIF atom_site CA records; 11 aligned positions lack resolved CA atoms,All groups,A1,"KEK_05752, MmpS5 PDB code 8em5",True,colabfold_mmseqs2,mmseqs2_uniref_env,colabfold,/data/chen/protein_folding_databases/colabfold,results/20260603_142659_casp15_casp16_unique_lt1000_all_default_colabfold/predictions/T1147/colabfold/tmp_colabfold_msa_search/T1147_qc_Check_CASP15_8EM5_A_residue_12-103_seq_1-103_coverage_0.893204.a3m,505,7.879150543068087,0.0165876853538275,True,True,False,134.0,2.806951364713466,0.0059093712941336,639.0,10.686101907781552,0.0224970566479611,,,,ColabFold local MMseqs2 MSA search measured separately from colabfold_batch inference.
T1151s2,T1151s2,CASP15,8D5V,A,8,91,1,116,116,116,colabfold,1,results/20260603_142659_casp15_casp16_unique_lt1000_all_default_colabfold/sequences/T1151s2.fasta,results/20260603_142659_casp15_casp16_unique_lt1000_all_default_colabfold/predictions/T1151s2/colabfold,results/20260603_142659_casp15_casp16_unique_lt1000_all_default_colabfold/predictions/T1151s2/colabfold/rank_001.pdb,results/20260603_142659_casp15_casp16_unique_lt1000_all_default_colabfold/predictions/T1151s2/colabfold/rank_001.pdb,True,0,2026-06-04T01:36:25+02:00,2026-06-04T01:46:42+02:00,617,results/20260603_142659_casp15_casp16_unique_lt1000_all_default_colabfold/logs/T1151s2_colabfold.log,bash runners/run_colabfold.sh results/20260603_142659_casp15_casp16_unique_lt1000_all_default_colabfold/sequences/T1151s2.fasta results/20260603_142659_casp15_casp16_unique_lt1000_all_default_colabfold/predictions/T1151s2/colabfold 1,,Check,Check,reference coverage below threshold 0.724; multiple equivalent chains match,1.0,1.0,0.724138,84,116,high,mapped from mmCIF atom_site CA records; 32 aligned positions lack resolved CA atoms,All groups,A1,P9WF37 PDB code 8d5v,True,colabfold_mmseqs2,mmseqs2_uniref_env,colabfold,/data/chen/protein_folding_databases/colabfold,results/20260603_142659_casp15_casp16_unique_lt1000_all_default_colabfold/predictions/T1151s2/colabfold/tmp_colabfold_msa_search/T1151s2_qc_Check_CASP15_8D5V_A_residue_8-91_seq_1-116_coverage_0.724138.a3m,505,7.863449589779959,0.0165546307153262,True,True,False,111.0,2.483092122495598,0.0052275623631486,616.0,10.346541712275558,0.0217821930784748,,,,ColabFold local MMseqs2 MSA search measured separately from colabfold_batch inference.
T1155,T1155,CASP15,8PBV,A,1,116,1,116,116,116,colabfold,1,results/20260603_142659_casp15_casp16_unique_lt1000_all_default_colabfold/sequences/T1155.fasta,results/20260603_142659_casp15_casp16_unique_lt1000_all_default_colabfold/predictions/T1155/colabfold,results/20260603_142659_casp15_casp16_unique_lt1000_all_default_colabfold/predictions/T1155/colabfold/rank_001.pdb,results/20260603_142659_casp15_casp16_unique_lt1000_all_default_colabfold/predictions/T1155/colabfold/rank_001.pdb,True,0,2026-06-04T01:50:39+02:00,2026-06-04T02:00:40+02:00,601,results/20260603_142659_casp15_casp16_unique_lt1000_all_default_colabfold/logs/T1155_colabfold.log,bash runners/run_colabfold.sh results/20260603_142659_casp15_casp16_unique_lt1000_all_default_colabfold/sequences/T1155.fasta results/20260603_142659_casp15_casp16_unique_lt1000_all_default_colabfold/predictions/T1155/colabfold 1,,Yes,Yes,prefiltered A1 protein target with mapped residue range,1.0,1.0,1.0,116,116,high,mapped from mmCIF atom_site CA records,All groups,A1,Uniprot Q8IN44 PDB code 8pbv,True,colabfold_mmseqs2,mmseqs2_uniref_env,colabfold,/data/chen/protein_folding_databases/colabfold,results/20260603_142659_casp15_casp16_unique_lt1000_all_default_colabfold/predictions/T1155/colabfold/tmp_colabfold_msa_search/T1155_qc_Yes_CASP15_8PBV_A_residue_1-116_seq_1-116_coverage_1.000000.a3m,501,7.802945852131387,0.0164272544255397,True,True,False,99.0,2.240173142003562,0.0047161539831653,600.0,10.04311899413495,0.0211434084087051,,,,ColabFold local MMseqs2 MSA search measured separately from colabfold_batch inference.
T1157s2,T1157s2,CASP15,8PKO,B,21,484,1,495,495,495,colabfold,1,results/20260603_142659_casp15_casp16_unique_lt1000_all_default_colabfold/sequences/T1157s2.fasta,results/20260603_142659_casp15_casp16_unique_lt1000_all_default_colabfold/predictions/T1157s2/colabfold,results/20260603_142659_casp15_casp16_unique_lt1000_all_default_colabfold/predictions/T1157s2/colabfold/rank_001.pdb,results/20260603_142659_casp15_casp16_unique_lt1000_all_default_colabfold/predictions/T1157s2/colabfold/rank_001.pdb,True,0,2026-06-04T02:04:11+02:00,2026-06-04T02:16:55+02:00,764,results/20260603_142659_casp15_casp16_unique_lt1000_all_default_colabfold/logs/T1157s2_colabfold.log,bash runners/run_colabfold.sh results/20260603_142659_casp15_casp16_unique_lt1000_all_default_colabfold/sequences/T1157s2.fasta results/20260603_142659_casp15_casp16_unique_lt1000_all_default_colabfold/predictions/T1157s2/colabfold 1,,Yes,Yes,prefiltered A1 protein target with mapped residue range,1.0,1.0,0.937374,464,495,high,mapped from mmCIF atom_site CA records; 31 aligned positions lack resolved CA atoms,All groups,A1,Complex of CtEDEM and CtPDI1P PDB code 8pko,True,colabfold_mmseqs2,mmseqs2_uniref_env,colabfold,/data/chen/protein_folding_databases/colabfold,results/20260603_142659_casp15_casp16_unique_lt1000_all_default_colabfold/predictions/T1157s2/colabfold/tmp_colabfold_msa_search/T1157s2_qc_Yes_CASP15_8PKO_B_residue_21-484_seq_1-495_coverage_0.937374.a3m,574,9.003273729227882,0.018954260482585,True,True,False,189.0,4.434176355231396,0.0093351081162766,763.0,13.43745008445928,0.0282893685988616,,,,ColabFold local MMseqs2 MSA search measured separately from colabfold_batch inference.
T1159,T1159,CASP15,7PZT,A,1,160,1,160,160,160,colabfold,1,results/20260603_142659_casp15_casp16_unique_lt1000_all_default_colabfold/sequences/T1159.fasta,results/20260603_142659_casp15_casp16_unique_lt1000_all_default_colabfold/predictions/T1159/colabfold,results/20260603_142659_casp15_casp16_unique_lt1000_all_default_colabfold/predictions/T1159/colabfold/rank_001.pdb,results/20260603_142659_casp15_casp16_unique_lt1000_all_default_colabfold/predictions/T1159/colabfold/rank_001.pdb,True,0,2026-06-04T02:42:21+02:00,2026-06-04T02:52:36+02:00,615,results/20260603_142659_casp15_casp16_unique_lt1000_all_default_colabfold/logs/T1159_colabfold.log,bash runners/run_colabfold.sh results/20260603_142659_casp15_casp16_unique_lt1000_all_default_colabfold/sequences/T1159.fasta results/20260603_142659_casp15_casp16_unique_lt1000_all_default_colabfold/predictions/T1159/colabfold 1,,Check,Check,multiple equivalent chains match,1.0,1.0,1.0,160,160,high,mapped from mmCIF atom_site CA records,All groups,A1,TecA tgat PDB code 7pzt,True,colabfold_mmseqs2,mmseqs2_uniref_env,colabfold,/data/chen/protein_folding_databases/colabfold,results/20260603_142659_casp15_casp16_unique_lt1000_all_default_colabfold/predictions/T1159/colabfold/tmp_colabfold_msa_search/T1159_qc_Check_CASP15_7PZT_A_residue_1-160_seq_1-160_coverage_1.000000.a3m,505,7.89810711090337,0.0166275939176913,True,True,False,109.0,2.4091224154194446,0.0050718366640409,614.0,10.307229526322814,0.0216994305817322,,,,ColabFold local MMseqs2 MSA search measured separately from colabfold_batch inference.
T1183,T1183,CASP15,8IFX,B,1,195,1,200,200,200,colabfold,1,results/20260603_142659_casp15_casp16_unique_lt1000_all_default_colabfold/sequences/T1183.fasta,results/20260603_142659_casp15_casp16_unique_lt1000_all_default_colabfold/predictions/T1183/colabfold,results/20260603_142659_casp15_casp16_unique_lt1000_all_default_colabfold/predictions/T1183/colabfold/rank_001.pdb,results/20260603_142659_casp15_casp16_unique_lt1000_all_default_colabfold/predictions/T1183/colabfold/rank_001.pdb,True,0,2026-06-04T02:56:40+02:00,2026-06-04T03:07:26+02:00,646,results/20260603_142659_casp15_casp16_unique_lt1000_all_default_colabfold/logs/T1183_colabfold.log,bash runners/run_colabfold.sh results/20260603_142659_casp15_casp16_unique_lt1000_all_default_colabfold/sequences/T1183.fasta results/20260603_142659_casp15_casp16_unique_lt1000_all_default_colabfold/predictions/T1183/colabfold 1,,Yes,Yes,prefiltered A1 protein target with mapped residue range,1.0,1.0,0.975,195,200,high,mapped from mmCIF atom_site CA records; 5 aligned positions lack resolved CA atoms,All groups,A1,TsaB PDB code 8ifx,True,colabfold_mmseqs2,mmseqs2_uniref_env,colabfold,/data/chen/protein_folding_databases/colabfold,results/20260603_142659_casp15_casp16_unique_lt1000_all_default_colabfold/predictions/T1183/colabfold/tmp_colabfold_msa_search/T1183_qc_Yes_CASP15_8IFX_B_residue_1-195_seq_1-200_coverage_0.975000.a3m,521,8.131117050689086,0.0171181411593454,True,True,False,124.0,2.7413335396281697,0.0057712285044803,645.0,10.872450590317255,0.0228893696638258,,,,ColabFold local MMseqs2 MSA search measured separately from colabfold_batch inference.
T1185s1,T1185s1,CASP15,8OUY,A,4,73,1,350,350,350,colabfold,1,results/20260603_142659_casp15_casp16_unique_lt1000_all_default_colabfold/sequences/T1185s1.fasta,results/20260603_142659_casp15_casp16_unique_lt1000_all_default_colabfold/predictions/T1185s1/colabfold,results/20260603_142659_casp15_casp16_unique_lt1000_all_default_colabfold/predictions/T1185s1/colabfold/rank_001.pdb,results/20260603_142659_casp15_casp16_unique_lt1000_all_default_colabfold/predictions/T1185s1/colabfold/rank_001.pdb,True,0,2026-06-04T03:12:30+02:00,2026-06-04T03:24:01+02:00,691,results/20260603_142659_casp15_casp16_unique_lt1000_all_default_colabfold/logs/T1185s1_colabfold.log,bash runners/run_colabfold.sh results/20260603_142659_casp15_casp16_unique_lt1000_all_default_colabfold/sequences/T1185s1.fasta results/20260603_142659_casp15_casp16_unique_lt1000_all_default_colabfold/predictions/T1185s1/colabfold 1,,Check,Check,reference coverage below threshold 0.200,1.0,1.0,0.2,70,350,high,mapped from mmCIF atom_site CA records; 280 aligned positions lack resolved CA atoms,All groups,A1,BCDX2 PDB code 8ouy,True,colabfold_mmseqs2,mmseqs2_uniref_env,colabfold,/data/chen/protein_folding_databases/colabfold,results/20260603_142659_casp15_casp16_unique_lt1000_all_default_colabfold/predictions/T1185s1/colabfold/tmp_colabfold_msa_search/T1185s1_qc_Check_CASP15_8OUY_A_residue_4-73_seq_1-350_coverage_0.200000.a3m,534,8.388926013571812,0.0176608968706774,True,True,False,155.0,3.501012505399682,0.0073705526429466,689.0,11.889938518971494,0.0250314495136241,,,,ColabFold local MMseqs2 MSA search measured separately from colabfold_batch inference.
T1185s2,T1185s2,CASP15,8OUY,B,10,349,1,376,376,376,colabfold,1,results/20260603_142659_casp15_casp16_unique_lt1000_all_default_colabfold/sequences/T1185s2.fasta,results/20260603_142659_casp15_casp16_unique_lt1000_all_default_colabfold/predictions/T1185s2/colabfold,results/20260603_142659_casp15_casp16_unique_lt1000_all_default_colabfold/predictions/T1185s2/colabfold/rank_001.pdb,results/20260603_142659_casp15_casp16_unique_lt1000_all_default_colabfold/predictions/T1185s2/colabfold/rank_001.pdb,True,0,2026-06-04T03:35:09+02:00,2026-06-04T03:46:24+02:00,675,results/20260603_142659_casp15_casp16_unique_lt1000_all_default_colabfold/logs/T1185s2_colabfold.log,bash runners/run_colabfold.sh results/20260603_142659_casp15_casp16_unique_lt1000_all_default_colabfold/sequences/T1185s2.fasta results/20260603_142659_casp15_casp16_unique_lt1000_all_default_colabfold/predictions/T1185s2/colabfold 1,,Yes,Yes,prefiltered A1 protein target with mapped residue range,1.0,1.0,0.832447,313,376,high,mapped from mmCIF atom_site CA records; 63 aligned positions lack resolved CA atoms,All groups,A1,BCDX2 PDB code 8ouy,True,colabfold_mmseqs2,mmseqs2_uniref_env,colabfold,/data/chen/protein_folding_databases/colabfold,results/20260603_142659_casp15_casp16_unique_lt1000_all_default_colabfold/predictions/T1185s2/colabfold/tmp_colabfold_msa_search/T1185s2_qc_Yes_CASP15_8OUY_B_residue_10-349_seq_1-376_coverage_0.832447.a3m,539,8.50822798175908,0.0179120589089664,True,True,False,135.0,3.219882221957304,0.0067786994146469,674.0,11.728110203716383,0.0246907583236134,,,,ColabFold local MMseqs2 MSA search measured separately from colabfold_batch inference.
T1185s4,T1185s4,CASP15,8OUY,D,20,280,1,280,280,280,colabfold,1,results/20260603_142659_casp15_casp16_unique_lt1000_all_default_colabfold/sequences/T1185s4.fasta,results/20260603_142659_casp15_casp16_unique_lt1000_all_default_colabfold/predictions/T1185s4/colabfold,results/20260603_142659_casp15_casp16_unique_lt1000_all_default_colabfold/predictions/T1185s4/colabfold/rank_001.pdb,results/20260603_142659_casp15_casp16_unique_lt1000_all_default_colabfold/predictions/T1185s4/colabfold/rank_001.pdb,True,0,2026-06-04T03:59:50+02:00,2026-06-04T04:10:48+02:00,658,results/20260603_142659_casp15_casp16_unique_lt1000_all_default_colabfold/logs/T1185s4_colabfold.log,bash runners/run_colabfold.sh results/20260603_142659_casp15_casp16_unique_lt1000_all_default_colabfold/sequences/T1185s4.fasta results/20260603_142659_casp15_casp16_unique_lt1000_all_default_colabfold/predictions/T1185s4/colabfold 1,,Yes,Yes,prefiltered A1 protein target with mapped residue range,1.0,0.996429,0.83871,234,279,high,mapped from mmCIF atom_site CA records; 45 aligned positions lack resolved CA atoms,All groups,A1,BCDX2 PDB code 8ouy,True,colabfold_mmseqs2,mmseqs2_uniref_env,colabfold,/data/chen/protein_folding_databases/colabfold,results/20260603_142659_casp15_casp16_unique_lt1000_all_default_colabfold/predictions/T1185s4/colabfold/tmp_colabfold_msa_search/T1185s4_qc_Yes_CASP15_8OUY_D_residue_20-280_seq_1-280_coverage_0.838710.a3m,526,8.28631436185731,0.0174448723407522,True,True,False,132.0,2.938864118062616,0.006187082353816,658.0,11.225178479919926,0.0236319546945682,,,,ColabFold local MMseqs2 MSA search measured separately from colabfold_batch inference.
T1194,T1194,CASP15,8OKH,A,22,185,1,168,168,168,colabfold,1,results/20260603_142659_casp15_casp16_unique_lt1000_all_default_colabfold/sequences/T1194.fasta,results/20260603_142659_casp15_casp16_unique_lt1000_all_default_colabfold/predictions/T1194/colabfold,results/20260603_142659_casp15_casp16_unique_lt1000_all_default_colabfold/predictions/T1194/colabfold/rank_001.pdb,results/20260603_142659_casp15_casp16_unique_lt1000_all_default_colabfold/predictions/T1194/colabfold/rank_001.pdb,True,0,2026-06-04T04:17:48+02:00,2026-06-04T04:27:58+02:00,610,results/20260603_142659_casp15_casp16_unique_lt1000_all_default_colabfold/logs/T1194_colabfold.log,bash runners/run_colabfold.sh results/20260603_142659_casp15_casp16_unique_lt1000_all_default_colabfold/sequences/T1194.fasta results/20260603_142659_casp15_casp16_unique_lt1000_all_default_colabfold/predictions/T1194/colabfold 1,,Check,Check,multiple equivalent chains match,1.0,0.994048,0.982036,164,167,high,mapped from mmCIF atom_site CA records; 3 aligned positions lack resolved CA atoms,All groups,A1,Bd1399 PDB code 8okh,True,colabfold_mmseqs2,mmseqs2_uniref_env,colabfold,/data/chen/protein_folding_databases/colabfold,results/20260603_142659_casp15_casp16_unique_lt1000_all_default_colabfold/predictions/T1194/colabfold/tmp_colabfold_msa_search/T1194_qc_Check_CASP15_8OKH_A_residue_22-185_seq_1-168_coverage_0.982036.a3m,509,7.979746492456259,0.0167994662999079,True,True,False,101.0,2.247019600661336,0.0047305675803396,610.0,10.226766093117597,0.0215300338802475,,,,ColabFold local MMseqs2 MSA search measured separately from colabfold_batch inference.
T1212,T1212,CASP16,9B0L,P,53,518,1,466,466,466,colabfold,1,results/20260603_142659_casp15_casp16_unique_lt1000_all_default_colabfold/sequences/T1212.fasta,results/20260603_142659_casp15_casp16_unique_lt1000_all_default_colabfold/predictions/T1212/colabfold,results/20260603_142659_casp15_casp16_unique_lt1000_all_default_colabfold/predictions/T1212/colabfold/rank_001.pdb,results/20260603_142659_casp15_casp16_unique_lt1000_all_default_colabfold/predictions/T1212/colabfold/rank_001.pdb,True,0,2026-06-04T04:32:10+02:00,2026-06-04T04:43:56+02:00,706,results/20260603_142659_casp15_casp16_unique_lt1000_all_default_colabfold/logs/T1212_colabfold.log,bash runners/run_colabfold.sh results/20260603_142659_casp15_casp16_unique_lt1000_all_default_colabfold/sequences/T1212.fasta results/20260603_142659_casp15_casp16_unique_lt1000_all_default_colabfold/predictions/T1212/colabfold 1,,Check,Check,multiple equivalent chains match,1.0,1.0,1.0,466,466,high,mapped from mmCIF atom_site CA records,Prot,A1,Fanzor2 ternary structure PDB code 9b0l protein subunit of M1212,True,colabfold_mmseqs2,mmseqs2_uniref_env,colabfold,/data/chen/protein_folding_databases/colabfold,results/20260603_142659_casp15_casp16_unique_lt1000_all_default_colabfold/predictions/T1212/colabfold/tmp_colabfold_msa_search/T1212_qc_Check_CASP16_9B0L_P_residue_53-518_seq_1-466_coverage_1.000000.a3m,531,8.435638057219712,0.0177592380151993,True,True,False,174.0,4.039650061164599,0.008504526444557,705.0,12.475288118384311,0.0262637644597564,,,,ColabFold local MMseqs2 MSA search measured separately from colabfold_batch inference.
T1227s1,T1227s1,CASP16,9N8W,A,27,418,1,427,427,427,colabfold,1,results/20260603_142659_casp15_casp16_unique_lt1000_all_default_colabfold/sequences/T1227s1.fasta,results/20260603_142659_casp15_casp16_unique_lt1000_all_default_colabfold/predictions/T1227s1/colabfold,results/20260603_142659_casp15_casp16_unique_lt1000_all_default_colabfold/predictions/T1227s1/colabfold/rank_001.pdb,results/20260603_142659_casp15_casp16_unique_lt1000_all_default_colabfold/predictions/T1227s1/colabfold/rank_001.pdb,True,0,2026-06-04T05:03:39+02:00,2026-06-04T05:14:59+02:00,680,results/20260603_142659_casp15_casp16_unique_lt1000_all_default_colabfold/logs/T1227s1_colabfold.log,bash runners/run_colabfold.sh results/20260603_142659_casp15_casp16_unique_lt1000_all_default_colabfold/sequences/T1227s1.fasta results/20260603_142659_casp15_casp16_unique_lt1000_all_default_colabfold/predictions/T1227s1/colabfold 1,,Yes,Yes,prefiltered A1 protein target with mapped residue range,1.0,1.0,0.918033,392,427,high,mapped from mmCIF atom_site CA records; 35 aligned positions lack resolved CA atoms,Prot,A1,LetA (P0AD03) and LetB (P76272) PDB code 9n8w,True,colabfold_mmseqs2,mmseqs2_uniref_env,colabfold,/data/chen/protein_folding_databases/colabfold,results/20260603_142659_casp15_casp16_unique_lt1000_all_default_colabfold/predictions/T1227s1/colabfold/tmp_colabfold_msa_search/T1227s1_qc_Yes_CASP16_9N8W_A_residue_27-418_seq_1-427_coverage_0.918033.a3m,508,8.139007376423903,0.0171347523714187,True,True,False,172.0,3.967237040327189,0.0083520779796361,680.0,12.106244416751093,0.0254868303510549,,,,ColabFold local MMseqs2 MSA search measured separately from colabfold_batch inference.
T1266,T1266,CASP16,8QFB,A,563,860,1,336,336,336,colabfold,1,results/20260603_142659_casp15_casp16_unique_lt1000_all_default_colabfold/sequences/T1266.fasta,results/20260603_142659_casp15_casp16_unique_lt1000_all_default_colabfold/predictions/T1266/colabfold,results/20260603_142659_casp15_casp16_unique_lt1000_all_default_colabfold/predictions/T1266/colabfold/rank_001.pdb,results/20260603_142659_casp15_casp16_unique_lt1000_all_default_colabfold/predictions/T1266/colabfold/rank_001.pdb,True,0,2026-06-04T05:30:38+02:00,2026-06-04T05:41:46+02:00,668,results/20260603_142659_casp15_casp16_unique_lt1000_all_default_colabfold/logs/T1266_colabfold.log,bash runners/run_colabfold.sh results/20260603_142659_casp15_casp16_unique_lt1000_all_default_colabfold/sequences/T1266.fasta results/20260603_142659_casp15_casp16_unique_lt1000_all_default_colabfold/predictions/T1266/colabfold 1,,Check,Check,multiple equivalent chains match,1.0,1.0,0.886905,298,336,high,mapped from mmCIF atom_site CA records; 38 aligned positions lack resolved CA atoms,Prot,A1,Q99549 PDB code 8qfb,True,colabfold_mmseqs2,mmseqs2_uniref_env,colabfold,/data/chen/protein_folding_databases/colabfold,results/20260603_142659_casp15_casp16_unique_lt1000_all_default_colabfold/predictions/T1266/colabfold/tmp_colabfold_msa_search/T1266_qc_Check_CASP16_8QFB_A_residue_563-860_seq_1-336_coverage_0.886905.a3m,539,8.506983475778876,0.0179094388963765,True,True,False,128.0,3.0082222714673645,0.0063330995188786,667.0,11.51520574724624,0.0242425384152552,,,,ColabFold local MMseqs2 MSA search measured separately from colabfold_batch inference.
T1272s2,T1272s2,CASP16,9C3C,a,25,350,1,363,363,363,colabfold,1,results/20260603_142659_casp15_casp16_unique_lt1000_all_default_colabfold/sequences/T1272s2.fasta,results/20260603_142659_casp15_casp16_unique_lt1000_all_default_colabfold/predictions/T1272s2/colabfold,results/20260603_142659_casp15_casp16_unique_lt1000_all_default_colabfold/predictions/T1272s2/colabfold/rank_001.pdb,results/20260603_142659_casp15_casp16_unique_lt1000_all_default_colabfold/predictions/T1272s2/colabfold/rank_001.pdb,True,0,2026-06-04T05:51:25+02:00,2026-06-04T06:02:36+02:00,671,results/20260603_142659_casp15_casp16_unique_lt1000_all_default_colabfold/logs/T1272s2_colabfold.log,bash runners/run_colabfold.sh results/20260603_142659_casp15_casp16_unique_lt1000_all_default_colabfold/sequences/T1272s2.fasta results/20260603_142659_casp15_casp16_unique_lt1000_all_default_colabfold/predictions/T1272s2/colabfold 1,,Check,Check,multiple equivalent chains match,1.0,0.898072,0.972393,317,326,medium,mapped from mmCIF atom_site CA records; 9 aligned positions lack resolved CA atoms,Prot,A1,dystrophin-glycoprotein complex (DGC) PDB code 9c3c,True,colabfold_mmseqs2,mmseqs2_uniref_env,colabfold,/data/chen/protein_folding_databases/colabfold,results/20260603_142659_casp15_casp16_unique_lt1000_all_default_colabfold/predictions/T1272s2/colabfold/tmp_colabfold_msa_search/T1272s2_qc_Check_CASP16_9C3C_a_residue_25-350_seq_1-363_coverage_0.972393.a3m,510,8.093888528963328,0.0170397653241333,True,True,False,161.0,3.5175814005135506,0.0074054345273969,671.0,11.61146992947688,0.0244451998515302,,,,ColabFold local MMseqs2 MSA search measured separately from colabfold_batch inference.
T1272s3,T1272s3,CASP16,9C3C,b,57,318,1,318,318,318,colabfold,1,results/20260603_142659_casp15_casp16_unique_lt1000_all_default_colabfold/sequences/T1272s3.fasta,results/20260603_142659_casp15_casp16_unique_lt1000_all_default_colabfold/predictions/T1272s3/colabfold,results/20260603_142659_casp15_casp16_unique_lt1000_all_default_colabfold/predictions/T1272s3/colabfold/rank_001.pdb,results/20260603_142659_casp15_casp16_unique_lt1000_all_default_colabfold/predictions/T1272s3/colabfold/rank_001.pdb,True,0,2026-06-04T06:16:15+02:00,2026-06-04T06:27:06+02:00,651,results/20260603_142659_casp15_casp16_unique_lt1000_all_default_colabfold/logs/T1272s3_colabfold.log,bash runners/run_colabfold.sh results/20260603_142659_casp15_casp16_unique_lt1000_all_default_colabfold/sequences/T1272s3.fasta results/20260603_142659_casp15_casp16_unique_lt1000_all_default_colabfold/predictions/T1272s3/colabfold 1,,Check,Check,multiple equivalent chains match,1.0,1.0,0.823899,262,318,high,mapped from mmCIF atom_site CA records; 56 aligned positions lack resolved CA atoms,Prot,A1,dystrophin-glycoprotein complex (DGC) PDB code 9c3c,True,colabfold_mmseqs2,mmseqs2_uniref_env,colabfold,/data/chen/protein_folding_databases/colabfold,results/20260603_142659_casp15_casp16_unique_lt1000_all_default_colabfold/predictions/T1272s3/colabfold/tmp_colabfold_msa_search/T1272s3_qc_Check_CASP16_9C3C_b_residue_57-318_seq_1-318_coverage_0.823899.a3m,502,7.983690470977788,0.0168077694125848,True,True,False,148.0,3.2629772849248497,0.0068694258629996,650.0,11.246667755902635,0.0236771952755845,,,,ColabFold local MMseqs2 MSA search measured separately from colabfold_batch inference.
T1272s4,T1272s4,CASP16,9C3C,d,21,289,1,289,289,289,colabfold,1,results/20260603_142659_casp15_casp16_unique_lt1000_all_default_colabfold/sequences/T1272s4.fasta,results/20260603_142659_casp15_casp16_unique_lt1000_all_default_colabfold/predictions/T1272s4/colabfold,results/20260603_142659_casp15_casp16_unique_lt1000_all_default_colabfold/predictions/T1272s4/colabfold/rank_001.pdb,results/20260603_142659_casp15_casp16_unique_lt1000_all_default_colabfold/predictions/T1272s4/colabfold/rank_001.pdb,True,0,2026-06-04T06:37:27+02:00,2026-06-04T06:48:26+02:00,659,results/20260603_142659_casp15_casp16_unique_lt1000_all_default_colabfold/logs/T1272s4_colabfold.log,bash runners/run_colabfold.sh results/20260603_142659_casp15_casp16_unique_lt1000_all_default_colabfold/sequences/T1272s4.fasta results/20260603_142659_casp15_casp16_unique_lt1000_all_default_colabfold/predictions/T1272s4/colabfold 1,,Check,Check,multiple equivalent chains match,1.0,1.0,0.930796,269,289,high,mapped from mmCIF atom_site CA records; 20 aligned positions lack resolved CA atoms,Prot,A1,dystrophin-glycoprotein complex (DGC) PDB code 9c3c,True,colabfold_mmseqs2,mmseqs2_uniref_env,colabfold,/data/chen/protein_folding_databases/colabfold,results/20260603_142659_casp15_casp16_unique_lt1000_all_default_colabfold/predictions/T1272s4/colabfold/tmp_colabfold_msa_search/T1272s4_qc_Check_CASP16_9C3C_d_residue_21-289_seq_1-289_coverage_0.930796.a3m,508,8.003784313647538,0.0168500722392579,True,True,False,151.0,3.2966140869473843,0.0069402401830471,659.0,11.300398400594922,0.0237903124223051,,,,ColabFold local MMseqs2 MSA search measured separately from colabfold_batch inference.
T1272s5,T1272s5,CASP16,9C3C,g,28,291,1,291,291,291,colabfold,1,results/20260603_142659_casp15_casp16_unique_lt1000_all_default_colabfold/sequences/T1272s5.fasta,results/20260603_142659_casp15_casp16_unique_lt1000_all_default_colabfold/predictions/T1272s5/colabfold,results/20260603_142659_casp15_casp16_unique_lt1000_all_default_colabfold/predictions/T1272s5/colabfold/rank_001.pdb,results/20260603_142659_casp15_casp16_unique_lt1000_all_default_colabfold/predictions/T1272s5/colabfold/rank_001.pdb,True,0,2026-06-04T06:55:43+02:00,2026-06-04T07:06:53+02:00,670,results/20260603_142659_casp15_casp16_unique_lt1000_all_default_colabfold/logs/T1272s5_colabfold.log,bash runners/run_colabfold.sh results/20260603_142659_casp15_casp16_unique_lt1000_all_default_colabfold/sequences/T1272s5.fasta results/20260603_142659_casp15_casp16_unique_lt1000_all_default_colabfold/predictions/T1272s5/colabfold 1,,Check,Check,multiple equivalent chains match,1.0,1.0,0.907216,264,291,high,mapped from mmCIF atom_site CA records; 27 aligned positions lack resolved CA atoms,Prot,A1,dystrophin-glycoprotein complex (DGC) PDB code 9c3c,True,colabfold_mmseqs2,mmseqs2_uniref_env,colabfold,/data/chen/protein_folding_databases/colabfold,results/20260603_142659_casp15_casp16_unique_lt1000_all_default_colabfold/predictions/T1272s5/colabfold/tmp_colabfold_msa_search/T1272s5_qc_Check_CASP16_9C3C_g_residue_28-291_seq_1-291_coverage_0.907216.a3m,510,8.06280811519442,0.0169743328740935,True,True,False,159.0,3.400260999229761,0.0071584442089047,669.0,11.46306911442418,0.0241327770829982,,,,ColabFold local MMseqs2 MSA search measured separately from colabfold_batch inference.
T1272s6,T1272s6,CASP16,9C3C,A,63,653,1,624,624,624,colabfold,1,results/20260603_142659_casp15_casp16_unique_lt1000_all_default_colabfold/sequences/T1272s6.fasta,results/20260603_142659_casp15_casp16_unique_lt1000_all_default_colabfold/predictions/T1272s6/colabfold,results/20260603_142659_casp15_casp16_unique_lt1000_all_default_colabfold/predictions/T1272s6/colabfold/rank_001.pdb,results/20260603_142659_casp15_casp16_unique_lt1000_all_default_colabfold/predictions/T1272s6/colabfold/rank_001.pdb,True,0,2026-06-04T07:14:17+02:00,2026-06-04T07:26:18+02:00,721,results/20260603_142659_casp15_casp16_unique_lt1000_all_default_colabfold/logs/T1272s6_colabfold.log,bash runners/run_colabfold.sh results/20260603_142659_casp15_casp16_unique_lt1000_all_default_colabfold/sequences/T1272s6.fasta results/20260603_142659_casp15_casp16_unique_lt1000_all_default_colabfold/predictions/T1272s6/colabfold 1,,Check,Check,reference coverage below threshold 0.641,1.0,1.0,0.641026,400,624,high,mapped from mmCIF atom_site CA records; 224 aligned positions lack resolved CA atoms,Prot,A1,dystrophin-glycoprotein complex (DGC) PDB code 9c3c,True,colabfold_mmseqs2,mmseqs2_uniref_env,colabfold,/data/chen/protein_folding_databases/colabfold,results/20260603_142659_casp15_casp16_unique_lt1000_all_default_colabfold/predictions/T1272s6/colabfold/tmp_colabfold_msa_search/T1272s6_qc_Check_CASP16_9C3C_A_residue_63-653_seq_1-624_coverage_0.641026.a3m,554,8.76354056421374,0.0184495590825552,True,True,False,166.0,4.2380630387505445,0.0089222379763169,720.0,13.001603602964284,0.0273717970588721,,,,ColabFold local MMseqs2 MSA search measured separately from colabfold_batch inference.
T1272s7,T1272s7,CASP16,9C3C,B,654,798,1,242,242,242,colabfold,1,results/20260603_142659_casp15_casp16_unique_lt1000_all_default_colabfold/sequences/T1272s7.fasta,results/20260603_142659_casp15_casp16_unique_lt1000_all_default_colabfold/predictions/T1272s7/colabfold,results/20260603_142659_casp15_casp16_unique_lt1000_all_default_colabfold/predictions/T1272s7/colabfold/rank_001.pdb,results/20260603_142659_casp15_casp16_unique_lt1000_all_default_colabfold/predictions/T1272s7/colabfold/rank_001.pdb,True,0,2026-06-04T08:02:53+02:00,2026-06-04T08:13:54+02:00,661,results/20260603_142659_casp15_casp16_unique_lt1000_all_default_colabfold/logs/T1272s7_colabfold.log,bash runners/run_colabfold.sh results/20260603_142659_casp15_casp16_unique_lt1000_all_default_colabfold/sequences/T1272s7.fasta results/20260603_142659_casp15_casp16_unique_lt1000_all_default_colabfold/predictions/T1272s7/colabfold 1,,No,No,chain mapping below threshold identity=1.000 coverage=0.599,1.0,0.599174,1.0,145,145,low,mapped from mmCIF atom_site CA records,Prot,A1,dystrophin-glycoprotein complex (DGC) PDB code 9c3c,True,colabfold_mmseqs2,mmseqs2_uniref_env,colabfold,/data/chen/protein_folding_databases/colabfold,results/20260603_142659_casp15_casp16_unique_lt1000_all_default_colabfold/predictions/T1272s7/colabfold/tmp_colabfold_msa_search/T1272s7_qc_No_CASP16_9C3C_B_residue_654-798_seq_1-242_coverage_1.000000.a3m,512,8.041406234300116,0.016929276282737,True,True,False,148.0,3.145591398876068,0.0066222976818443,660.0,11.186997633176183,0.0235515739645814,,,,ColabFold local MMseqs2 MSA search measured separately from colabfold_batch inference.
T1272s9,T1272s9,CASP16,9C3C,n,42,216,1,238,238,238,colabfold,1,results/20260603_142659_casp15_casp16_unique_lt1000_all_default_colabfold/sequences/T1272s9.fasta,results/20260603_142659_casp15_casp16_unique_lt1000_all_default_colabfold/predictions/T1272s9/colabfold,results/20260603_142659_casp15_casp16_unique_lt1000_all_default_colabfold/predictions/T1272s9/colabfold/rank_001.pdb,results/20260603_142659_casp15_casp16_unique_lt1000_all_default_colabfold/predictions/T1272s9/colabfold/rank_001.pdb,True,0,2026-06-04T08:20:19+02:00,2026-06-04T08:31:09+02:00,650,results/20260603_142659_casp15_casp16_unique_lt1000_all_default_colabfold/logs/T1272s9_colabfold.log,bash runners/run_colabfold.sh results/20260603_142659_casp15_casp16_unique_lt1000_all_default_colabfold/sequences/T1272s9.fasta results/20260603_142659_casp15_casp16_unique_lt1000_all_default_colabfold/predictions/T1272s9/colabfold 1,,Check,Check,reference coverage below threshold 0.735; multiple equivalent chains match,1.0,1.0,0.735294,175,238,high,mapped from mmCIF atom_site CA records; 63 aligned positions lack resolved CA atoms,Prot,A1,dystrophin-glycoprotein complex (DGC) PDB code 9c3c,True,colabfold_mmseqs2,mmseqs2_uniref_env,colabfold,/data/chen/protein_folding_databases/colabfold,results/20260603_142659_casp15_casp16_unique_lt1000_all_default_colabfold/predictions/T1272s9/colabfold/tmp_colabfold_msa_search/T1272s9_qc_Check_CASP16_9C3C_n_residue_42-216_seq_1-238_coverage_0.735294.a3m,507,7.999213748677339,0.0168404499972154,True,True,False,142.0,3.030304598807468,0.0063795886290683,649.0,11.029518347484808,0.0232200386262838,,,,ColabFold local MMseqs2 MSA search measured separately from colabfold_batch inference.
T1280,T1280,CASP16,9F5M,AAA,615,848,1,237,237,237,colabfold,1,results/20260603_142659_casp15_casp16_unique_lt1000_all_default_colabfold/sequences/T1280.fasta,results/20260603_142659_casp15_casp16_unique_lt1000_all_default_colabfold/predictions/T1280/colabfold,results/20260603_142659_casp15_casp16_unique_lt1000_all_default_colabfold/predictions/T1280/colabfold/rank_001.pdb,results/20260603_142659_casp15_casp16_unique_lt1000_all_default_colabfold/predictions/T1280/colabfold/rank_001.pdb,True,0,2026-06-04T08:37:33+02:00,2026-06-04T08:49:04+02:00,691,results/20260603_142659_casp15_casp16_unique_lt1000_all_default_colabfold/logs/T1280_colabfold.log,bash runners/run_colabfold.sh results/20260603_142659_casp15_casp16_unique_lt1000_all_default_colabfold/sequences/T1280.fasta results/20260603_142659_casp15_casp16_unique_lt1000_all_default_colabfold/predictions/T1280/colabfold 1,,Check,Check,multiple equivalent chains match,1.0,0.991561,0.995745,234,235,high,mapped from mmCIF atom_site CA records; 1 aligned positions lack resolved CA atoms,Prot,A1,C-terminal domain of bacteriophage K gp155 PDB code 9f5m,True,colabfold_mmseqs2,mmseqs2_uniref_env,colabfold,/data/chen/protein_folding_databases/colabfold,results/20260603_142659_casp15_casp16_unique_lt1000_all_default_colabfold/predictions/T1280/colabfold/tmp_colabfold_msa_search/T1280_qc_Check_CASP16_9F5M_AAA_residue_615-848_seq_1-237_coverage_0.995745.a3m,536,8.39781342980597,0.0176796072206441,True,True,False,155.0,3.4684149425053503,0.0073019261947481,691.0,11.86622837231132,0.0249815334153922,,,,ColabFold local MMseqs2 MSA search measured separately from colabfold_batch inference.
T1299,T1299,CASP16,9FJL,A,1,168,1,168,168,168,colabfold,1,results/20260603_142659_casp15_casp16_unique_lt1000_all_default_colabfold/sequences/T1299.fasta,results/20260603_142659_casp15_casp16_unique_lt1000_all_default_colabfold/predictions/T1299/colabfold,results/20260603_142659_casp15_casp16_unique_lt1000_all_default_colabfold/predictions/T1299/colabfold/rank_001.pdb,results/20260603_142659_casp15_casp16_unique_lt1000_all_default_colabfold/predictions/T1299/colabfold/rank_001.pdb,True,0,2026-06-04T08:56:07+02:00,2026-06-04T09:06:25+02:00,618,results/20260603_142659_casp15_casp16_unique_lt1000_all_default_colabfold/logs/T1299_colabfold.log,bash runners/run_colabfold.sh results/20260603_142659_casp15_casp16_unique_lt1000_all_default_colabfold/sequences/T1299.fasta results/20260603_142659_casp15_casp16_unique_lt1000_all_default_colabfold/predictions/T1299/colabfold 1,,Yes,Yes,prefiltered A1 protein target with mapped residue range,1.0,1.0,1.0,168,168,high,mapped from mmCIF atom_site CA records,Prot,A1,9FJL PDB code 9fjl,True,colabfold_mmseqs2,mmseqs2_uniref_env,colabfold,/data/chen/protein_folding_databases/colabfold,results/20260603_142659_casp15_casp16_unique_lt1000_all_default_colabfold/predictions/T1299/colabfold/tmp_colabfold_msa_search/T1299_qc_Yes_CASP16_9FJL_A_residue_1-168_seq_1-168_coverage_1.000000.a3m,498,7.888950611772016,0.0166083170774147,True,True,False,120.0,2.658188264019689,0.0055961858189888,618.0,10.547138875791704,0.0222045028964035,,,,ColabFold local MMseqs2 MSA search measured separately from colabfold_batch inference.
