domain_id,target_id,casp_round,pdb_id,chain_id,residue_start,residue_end,sequence_start,sequence_end,target_length,sequence_length,model,rank,input_fasta,output_dir,output_pdb,output_structure,success,return_code,start_time,end_time,runtime_sec,log_file,command,error_message,should_use,target_qc_status,qc_reason,mapping_identity,mapping_coverage,reference_coverage,resolved_ca_count,expected_mapped_residue_count,chain_assignment_confidence,residue_mapping_note,type,stoichiometry,description,msa_used,msa_source,msa_mode,msa_database,msa_database_path,msa_a3m_file,msa_build_runtime_sec,msa_build_carbon_emissions_g,msa_build_energy_consumed_kwh,msa_build_included_in_runtime,msa_build_included_in_carbon,msa_reused,inference_runtime_sec,inference_carbon_emissions_g,inference_energy_consumed_kwh,total_runtime_sec,total_carbon_emissions_g,total_energy_consumed_kwh,shared_msa_source_model,shared_msa_a3m_file,shared_msa_dir,stage_metadata_note
T1104,T1104,CASP15,7ROA,A,58,189,1,117,117,117,af2,1,results/20260604_115936_casp15_casp16_unique_lt1000_all_default/sequences/T1104.fasta,results/20260604_115936_casp15_casp16_unique_lt1000_all_default/predictions/T1104/af2,results/20260604_115936_casp15_casp16_unique_lt1000_all_default/predictions/T1104/af2/rank_001.pdb,results/20260604_115936_casp15_casp16_unique_lt1000_all_default/predictions/T1104/af2/rank_001.pdb,true,0,2026-06-04T11:59:37+02:00,2026-06-04T12:19:05+02:00,1168,results/20260604_115936_casp15_casp16_unique_lt1000_all_default/logs/T1104_af2.log,bash runners/run_af2.sh results/20260604_115936_casp15_casp16_unique_lt1000_all_default/sequences/T1104.fasta results/20260604_115936_casp15_casp16_unique_lt1000_all_default/predictions/T1104/af2 1,,Yes,Yes,prefiltered A1 protein target with mapped residue range,1.000000,1.000000,0.871212,115,132,high,mapped from mmCIF atom_site CA records; 17 aligned positions lack resolved CA atoms,All groups,A1,EntV136 PDB code 7roa,true,alphafold2_default,official_af2_database_search,alphafold,/data/chen/protein_folding_databases/alphafold,,,,,,,false,1168,,,1168.0,30.75560733637998,0.06474864702395786,,,,
T1106s1,T1106s1,CASP15,7QIH,B,50,120,1,122,122,122,af2,1,results/20260604_115936_casp15_casp16_unique_lt1000_all_default/sequences/T1106s1.fasta,results/20260604_115936_casp15_casp16_unique_lt1000_all_default/predictions/T1106s1/af2,results/20260604_115936_casp15_casp16_unique_lt1000_all_default/predictions/T1106s1/af2/rank_001.pdb,results/20260604_115936_casp15_casp16_unique_lt1000_all_default/predictions/T1106s1/af2/rank_001.pdb,true,0,2026-06-04T12:19:05+02:00,2026-06-04T12:38:09+02:00,1144,results/20260604_115936_casp15_casp16_unique_lt1000_all_default/logs/T1106s1_af2.log,bash runners/run_af2.sh results/20260604_115936_casp15_casp16_unique_lt1000_all_default/sequences/T1106s1.fasta results/20260604_115936_casp15_casp16_unique_lt1000_all_default/predictions/T1106s1/af2 1,,No,No,chain mapping below threshold identity=1.000 coverage=0.615; multiple equivalent chains match,1.000000,0.614754,0.946667,71,75,low,mapped from mmCIF atom_site CA records; 4 aligned positions lack resolved CA atoms,All groups,A1,YscY-YscX PDB code 7qih,true,alphafold2_default,official_af2_database_search,alphafold,/data/chen/protein_folding_databases/alphafold,,,,,,,false,1144,,,1144.0,30.254352492974522,0.06369337366942004,,,,
T1106s2,T1106s2,CASP15,7QIH,A,2,112,1,114,114,114,af2,1,results/20260604_115936_casp15_casp16_unique_lt1000_all_default/sequences/T1106s2.fasta,results/20260604_115936_casp15_casp16_unique_lt1000_all_default/predictions/T1106s2/af2,results/20260604_115936_casp15_casp16_unique_lt1000_all_default/predictions/T1106s2/af2/rank_001.pdb,results/20260604_115936_casp15_casp16_unique_lt1000_all_default/predictions/T1106s2/af2/rank_001.pdb,pending,,,,,results/20260604_115936_casp15_casp16_unique_lt1000_all_default/logs/T1106s2_af2.log,,,Check,Check,multiple equivalent chains match,1.000000,1.000000,0.909836,111,122,high,mapped from mmCIF atom_site CA records; 11 aligned positions lack resolved CA atoms,All groups,A1,YscY-YscX PDB code 7qih,,,,,,,,,,,,,,,,,,,,,,
T1112,T1112,CASP15,8ORK,AAA,2,460,1,460,460,460,af2,1,results/20260604_115936_casp15_casp16_unique_lt1000_all_default/sequences/T1112.fasta,results/20260604_115936_casp15_casp16_unique_lt1000_all_default/predictions/T1112/af2,results/20260604_115936_casp15_casp16_unique_lt1000_all_default/predictions/T1112/af2/rank_001.pdb,results/20260604_115936_casp15_casp16_unique_lt1000_all_default/predictions/T1112/af2/rank_001.pdb,pending,,,,,results/20260604_115936_casp15_casp16_unique_lt1000_all_default/logs/T1112_af2.log,,,Check,Check,multiple equivalent chains match,1.000000,1.000000,0.973913,448,460,high,mapped from mmCIF atom_site CA records; 12 aligned positions lack resolved CA atoms,All groups,A1,O93732.1 PDB code 8ork,,,,,,,,,,,,,,,,,,,,,,
T1114s1,T1114s1,CASP15,7UTD,Q,20,78,1,189,189,189,af2,1,results/20260604_115936_casp15_casp16_unique_lt1000_all_default/sequences/T1114s1.fasta,results/20260604_115936_casp15_casp16_unique_lt1000_all_default/predictions/T1114s1/af2,results/20260604_115936_casp15_casp16_unique_lt1000_all_default/predictions/T1114s1/af2/rank_001.pdb,results/20260604_115936_casp15_casp16_unique_lt1000_all_default/predictions/T1114s1/af2/rank_001.pdb,pending,,,,,results/20260604_115936_casp15_casp16_unique_lt1000_all_default/logs/T1114s1_af2.log,,,No,No,chain mapping below threshold identity=1.000 coverage=0.317; multiple equivalent chains match,1.000000,0.317460,0.983333,59,60,low,mapped from mmCIF atom_site CA records; 1 aligned positions lack resolved CA atoms,All groups,A1,"A0QUM5, A0QUM6, A0QUM7 PDB code 7utd",,,,,,,,,,,,,,,,,,,,,,
T1114s2,T1114s2,CASP15,7UTD,B,2,323,1,369,369,369,af2,1,results/20260604_115936_casp15_casp16_unique_lt1000_all_default/sequences/T1114s2.fasta,results/20260604_115936_casp15_casp16_unique_lt1000_all_default/predictions/T1114s2/af2,results/20260604_115936_casp15_casp16_unique_lt1000_all_default/predictions/T1114s2/af2/rank_001.pdb,results/20260604_115936_casp15_casp16_unique_lt1000_all_default/predictions/T1114s2/af2/rank_001.pdb,pending,,,,,results/20260604_115936_casp15_casp16_unique_lt1000_all_default/logs/T1114s2_af2.log,,,Check,Check,multiple equivalent chains match,1.000000,1.000000,0.872629,322,369,high,mapped from mmCIF atom_site CA records; 47 aligned positions lack resolved CA atoms,All groups,A1,"A0QUM5, A0QUM6, A0QUM7 PDB code 7utd",,,,,,,,,,,,,,,,,,,,,,
T1114s3,T1114s3,CASP15,7UTD,A,4,516,1,535,535,535,af2,1,results/20260604_115936_casp15_casp16_unique_lt1000_all_default/sequences/T1114s3.fasta,results/20260604_115936_casp15_casp16_unique_lt1000_all_default/predictions/T1114s3/af2,results/20260604_115936_casp15_casp16_unique_lt1000_all_default/predictions/T1114s3/af2/rank_001.pdb,results/20260604_115936_casp15_casp16_unique_lt1000_all_default/predictions/T1114s3/af2/rank_001.pdb,pending,,,,,results/20260604_115936_casp15_casp16_unique_lt1000_all_default/logs/T1114s3_af2.log,,,Check,Check,multiple equivalent chains match,1.000000,0.958879,0.998051,512,513,high,mapped from mmCIF atom_site CA records; 1 aligned positions lack resolved CA atoms,All groups,A1,"A0QUM5, A0QUM6, A0QUM7 PDB code 7utd",,,,,,,,,,,,,,,,,,,,,,
T1120,T1120,CASP15,7QVB,B,4,231,1,235,235,235,af2,1,results/20260604_115936_casp15_casp16_unique_lt1000_all_default/sequences/T1120.fasta,results/20260604_115936_casp15_casp16_unique_lt1000_all_default/predictions/T1120/af2,results/20260604_115936_casp15_casp16_unique_lt1000_all_default/predictions/T1120/af2/rank_001.pdb,results/20260604_115936_casp15_casp16_unique_lt1000_all_default/predictions/T1120/af2/rank_001.pdb,pending,,,,,results/20260604_115936_casp15_casp16_unique_lt1000_all_default/logs/T1120_af2.log,,,Check,Check,multiple equivalent chains match,1.000000,1.000000,0.970213,228,235,high,mapped from mmCIF atom_site CA records; 7 aligned positions lack resolved CA atoms,All groups,A1,DdrC PDB code 7qvb,,,,,,,,,,,,,,,,,,,,,,
T1122,T1122,CASP15,8BBT,A,4,237,1,241,241,241,af2,1,results/20260604_115936_casp15_casp16_unique_lt1000_all_default/sequences/T1122.fasta,results/20260604_115936_casp15_casp16_unique_lt1000_all_default/predictions/T1122/af2,results/20260604_115936_casp15_casp16_unique_lt1000_all_default/predictions/T1122/af2/rank_001.pdb,results/20260604_115936_casp15_casp16_unique_lt1000_all_default/predictions/T1122/af2/rank_001.pdb,pending,,,,,results/20260604_115936_casp15_casp16_unique_lt1000_all_default/logs/T1122_af2.log,,,Yes,Yes,prefiltered A1 protein target with mapped residue range,1.000000,1.000000,0.954357,230,241,high,mapped from mmCIF atom_site CA records; 11 aligned positions lack resolved CA atoms,All groups,A1,A0A0B4VFQ3 PDB code 8bbt,,,,,,,,,,,,,,,,,,,,,,
T1129s2,T1129s2,CASP15,8A8C,B,41,640,1,640,640,640,af2,1,results/20260604_115936_casp15_casp16_unique_lt1000_all_default/sequences/T1129s2.fasta,results/20260604_115936_casp15_casp16_unique_lt1000_all_default/predictions/T1129s2/af2,results/20260604_115936_casp15_casp16_unique_lt1000_all_default/predictions/T1129s2/af2/rank_001.pdb,results/20260604_115936_casp15_casp16_unique_lt1000_all_default/predictions/T1129s2/af2/rank_001.pdb,pending,,,,,results/20260604_115936_casp15_casp16_unique_lt1000_all_default/logs/T1129s2_af2.log,,,Yes,Yes,prefiltered A1 protein target with mapped residue range,1.000000,1.000000,0.825000,528,640,high,mapped from mmCIF atom_site CA records; 112 aligned positions lack resolved CA atoms,All groups,A1,P06971; P23207 PDB code 8a8c,,,,,,,,,,,,,,,,,,,,,,
T1133,T1133,CASP15,8DYS,A,4,427,1,585,585,585,af2,1,results/20260604_115936_casp15_casp16_unique_lt1000_all_default/sequences/T1133.fasta,results/20260604_115936_casp15_casp16_unique_lt1000_all_default/predictions/T1133/af2,results/20260604_115936_casp15_casp16_unique_lt1000_all_default/predictions/T1133/af2/rank_001.pdb,results/20260604_115936_casp15_casp16_unique_lt1000_all_default/predictions/T1133/af2/rank_001.pdb,pending,,,,,results/20260604_115936_casp15_casp16_unique_lt1000_all_default/logs/T1133_af2.log,,,Check,Check,reference coverage below threshold 0.699,1.000000,1.000000,0.699145,409,585,high,mapped from mmCIF atom_site CA records; 176 aligned positions lack resolved CA atoms,All groups,A1,Q9BY44 PDB code 8dys,,,,,,,,,,,,,,,,,,,,,,
T1134s1,T1134s1,CASP15,7UBZ,A,1,230,1,230,230,230,af2,1,results/20260604_115936_casp15_casp16_unique_lt1000_all_default/sequences/T1134s1.fasta,results/20260604_115936_casp15_casp16_unique_lt1000_all_default/predictions/T1134s1/af2,results/20260604_115936_casp15_casp16_unique_lt1000_all_default/predictions/T1134s1/af2/rank_001.pdb,results/20260604_115936_casp15_casp16_unique_lt1000_all_default/predictions/T1134s1/af2/rank_001.pdb,pending,,,,,results/20260604_115936_casp15_casp16_unique_lt1000_all_default/logs/T1134s1_af2.log,,,Check,Check,multiple equivalent chains match,1.000000,1.000000,1.000000,230,230,high,mapped from mmCIF atom_site CA records,All groups,A1,"TleTli or WP_062934778.1, WP_013096194 PDB code 7ubz",,,,,,,,,,,,,,,,,,,,,,
T1134s2,T1134s2,CASP15,7UBZ,D,168,472,1,313,313,313,af2,1,results/20260604_115936_casp15_casp16_unique_lt1000_all_default/sequences/T1134s2.fasta,results/20260604_115936_casp15_casp16_unique_lt1000_all_default/predictions/T1134s2/af2,results/20260604_115936_casp15_casp16_unique_lt1000_all_default/predictions/T1134s2/af2/rank_001.pdb,results/20260604_115936_casp15_casp16_unique_lt1000_all_default/predictions/T1134s2/af2/rank_001.pdb,pending,,,,,results/20260604_115936_casp15_casp16_unique_lt1000_all_default/logs/T1134s2_af2.log,,,Check,Check,reference coverage below threshold 0.645; multiple equivalent chains match,1.000000,1.000000,0.645367,202,313,high,mapped from mmCIF atom_site CA records; 111 aligned positions lack resolved CA atoms,All groups,A1,"TleTli or WP_062934778.1, WP_013096194 PDB code 7ubz",,,,,,,,,,,,,,,,,,,,,,
T1137s1,T1137s1,CASP15,8FEF,A,18,409,1,409,409,409,af2,1,results/20260604_115936_casp15_casp16_unique_lt1000_all_default/sequences/T1137s1.fasta,results/20260604_115936_casp15_casp16_unique_lt1000_all_default/predictions/T1137s1/af2,results/20260604_115936_casp15_casp16_unique_lt1000_all_default/predictions/T1137s1/af2/rank_001.pdb,results/20260604_115936_casp15_casp16_unique_lt1000_all_default/predictions/T1137s1/af2/rank_001.pdb,pending,,,,,results/20260604_115936_casp15_casp16_unique_lt1000_all_default/logs/T1137s1_af2.log,,,Yes,Yes,prefiltered A1 protein target with mapped residue range,1.000000,1.000000,0.958435,392,409,high,mapped from mmCIF atom_site CA records; 17 aligned positions lack resolved CA atoms,All groups,A1,MceG complex PDB code 8fef,,,,,,,,,,,,,,,,,,,,,,
T1137s2,T1137s2,CASP15,8FEF,B,2,343,1,343,343,343,af2,1,results/20260604_115936_casp15_casp16_unique_lt1000_all_default/sequences/T1137s2.fasta,results/20260604_115936_casp15_casp16_unique_lt1000_all_default/predictions/T1137s2/af2,results/20260604_115936_casp15_casp16_unique_lt1000_all_default/predictions/T1137s2/af2/rank_001.pdb,results/20260604_115936_casp15_casp16_unique_lt1000_all_default/predictions/T1137s2/af2/rank_001.pdb,pending,,,,,results/20260604_115936_casp15_casp16_unique_lt1000_all_default/logs/T1137s2_af2.log,,,Yes,Yes,prefiltered A1 protein target with mapped residue range,1.000000,1.000000,0.976676,335,343,high,mapped from mmCIF atom_site CA records; 8 aligned positions lack resolved CA atoms,All groups,A1,MceG complex PDB code 8fef,,,,,,,,,,,,,,,,,,,,,,
T1137s3,T1137s3,CASP15,8FEF,C,1,310,1,524,524,524,af2,1,results/20260604_115936_casp15_casp16_unique_lt1000_all_default/sequences/T1137s3.fasta,results/20260604_115936_casp15_casp16_unique_lt1000_all_default/predictions/T1137s3/af2,results/20260604_115936_casp15_casp16_unique_lt1000_all_default/predictions/T1137s3/af2/rank_001.pdb,results/20260604_115936_casp15_casp16_unique_lt1000_all_default/predictions/T1137s3/af2/rank_001.pdb,pending,,,,,results/20260604_115936_casp15_casp16_unique_lt1000_all_default/logs/T1137s3_af2.log,,,Check,Check,reference coverage below threshold 0.592,1.000000,1.000000,0.591603,310,524,high,mapped from mmCIF atom_site CA records; 214 aligned positions lack resolved CA atoms,All groups,A1,MceG complex PDB code 8fef,,,,,,,,,,,,,,,,,,,,,,
T1137s4,T1137s4,CASP15,8FEF,D,42,468,1,547,547,547,af2,1,results/20260604_115936_casp15_casp16_unique_lt1000_all_default/sequences/T1137s4.fasta,results/20260604_115936_casp15_casp16_unique_lt1000_all_default/predictions/T1137s4/af2,results/20260604_115936_casp15_casp16_unique_lt1000_all_default/predictions/T1137s4/af2/rank_001.pdb,results/20260604_115936_casp15_casp16_unique_lt1000_all_default/predictions/T1137s4/af2/rank_001.pdb,pending,,,,,results/20260604_115936_casp15_casp16_unique_lt1000_all_default/logs/T1137s4_af2.log,,,Check,Check,reference coverage below threshold 0.704,1.000000,1.000000,0.703839,385,547,high,mapped from mmCIF atom_site CA records; 162 aligned positions lack resolved CA atoms,All groups,A1,MceG complex PDB code 8fef,,,,,,,,,,,,,,,,,,,,,,
T1137s5,T1137s5,CASP15,8FEF,E,33,390,1,390,390,390,af2,1,results/20260604_115936_casp15_casp16_unique_lt1000_all_default/sequences/T1137s5.fasta,results/20260604_115936_casp15_casp16_unique_lt1000_all_default/predictions/T1137s5/af2,results/20260604_115936_casp15_casp16_unique_lt1000_all_default/predictions/T1137s5/af2/rank_001.pdb,results/20260604_115936_casp15_casp16_unique_lt1000_all_default/predictions/T1137s5/af2/rank_001.pdb,pending,,,,,results/20260604_115936_casp15_casp16_unique_lt1000_all_default/logs/T1137s5_af2.log,,,Yes,Yes,prefiltered A1 protein target with mapped residue range,1.000000,1.000000,0.917949,358,390,high,mapped from mmCIF atom_site CA records; 32 aligned positions lack resolved CA atoms,All groups,A1,MceG complex PDB code 8fef,,,,,,,,,,,,,,,,,,,,,,
T1137s6,T1137s6,CASP15,8FEF,F,1,399,1,518,518,518,af2,1,results/20260604_115936_casp15_casp16_unique_lt1000_all_default/sequences/T1137s6.fasta,results/20260604_115936_casp15_casp16_unique_lt1000_all_default/predictions/T1137s6/af2,results/20260604_115936_casp15_casp16_unique_lt1000_all_default/predictions/T1137s6/af2/rank_001.pdb,results/20260604_115936_casp15_casp16_unique_lt1000_all_default/predictions/T1137s6/af2/rank_001.pdb,pending,,,,,results/20260604_115936_casp15_casp16_unique_lt1000_all_default/logs/T1137s6_af2.log,,,Check,Check,reference coverage below threshold 0.770,1.000000,1.000000,0.770270,399,518,high,mapped from mmCIF atom_site CA records; 119 aligned positions lack resolved CA atoms,All groups,A1,MceG complex PDB code 8fef,,,,,,,,,,,,,,,,,,,,,,
T1137s7,T1137s7,CASP15,8FEF,G,2,325,1,653,653,653,af2,1,results/20260604_115936_casp15_casp16_unique_lt1000_all_default/sequences/T1137s7.fasta,results/20260604_115936_casp15_casp16_unique_lt1000_all_default/predictions/T1137s7/af2,results/20260604_115936_casp15_casp16_unique_lt1000_all_default/predictions/T1137s7/af2/rank_001.pdb,results/20260604_115936_casp15_casp16_unique_lt1000_all_default/predictions/T1137s7/af2/rank_001.pdb,pending,,,,,results/20260604_115936_casp15_casp16_unique_lt1000_all_default/logs/T1137s7_af2.log,,,Check,Check,reference coverage below threshold 0.458; multiple equivalent chains match,1.000000,1.000000,0.457887,299,653,high,mapped from mmCIF atom_site CA records; 354 aligned positions lack resolved CA atoms,All groups,A1,MceG complex PDB code 8fef,,,,,,,,,,,,,,,,,,,,,,
T1137s8,T1137s8,CASP15,8FEF,I,14,266,1,266,266,266,af2,1,results/20260604_115936_casp15_casp16_unique_lt1000_all_default/sequences/T1137s8.fasta,results/20260604_115936_casp15_casp16_unique_lt1000_all_default/predictions/T1137s8/af2,results/20260604_115936_casp15_casp16_unique_lt1000_all_default/predictions/T1137s8/af2/rank_001.pdb,results/20260604_115936_casp15_casp16_unique_lt1000_all_default/predictions/T1137s8/af2/rank_001.pdb,pending,,,,,results/20260604_115936_casp15_casp16_unique_lt1000_all_default/logs/T1137s8_af2.log,,,Yes,Yes,prefiltered A1 protein target with mapped residue range,1.000000,1.000000,0.951128,253,266,high,mapped from mmCIF atom_site CA records; 13 aligned positions lack resolved CA atoms,All groups,A1,MceG complex PDB code 8fef,,,,,,,,,,,,,,,,,,,,,,
T1137s9,T1137s9,CASP15,8FEF,J,27,289,1,289,289,289,af2,1,results/20260604_115936_casp15_casp16_unique_lt1000_all_default/sequences/T1137s9.fasta,results/20260604_115936_casp15_casp16_unique_lt1000_all_default/predictions/T1137s9/af2,results/20260604_115936_casp15_casp16_unique_lt1000_all_default/predictions/T1137s9/af2/rank_001.pdb,results/20260604_115936_casp15_casp16_unique_lt1000_all_default/predictions/T1137s9/af2/rank_001.pdb,pending,,,,,results/20260604_115936_casp15_casp16_unique_lt1000_all_default/logs/T1137s9_af2.log,,,Yes,Yes,prefiltered A1 protein target with mapped residue range,1.000000,1.000000,0.910035,263,289,high,mapped from mmCIF atom_site CA records; 26 aligned positions lack resolved CA atoms,All groups,A1,MceG complex PDB code 8fef,,,,,,,,,,,,,,,,,,,,,,
T1145,T1145,CASP15,7UWW,A,34,665,1,635,635,635,af2,1,results/20260604_115936_casp15_casp16_unique_lt1000_all_default/sequences/T1145.fasta,results/20260604_115936_casp15_casp16_unique_lt1000_all_default/predictions/T1145/af2,results/20260604_115936_casp15_casp16_unique_lt1000_all_default/predictions/T1145/af2/rank_001.pdb,results/20260604_115936_casp15_casp16_unique_lt1000_all_default/predictions/T1145/af2/rank_001.pdb,pending,,,,,results/20260604_115936_casp15_casp16_unique_lt1000_all_default/logs/T1145_af2.log,,,Check,Check,multiple equivalent chains match,1.000000,1.000000,0.995276,632,635,high,mapped from mmCIF atom_site CA records; 3 aligned positions lack resolved CA atoms,All groups,A1,Starch binding protein PDB code 7uww,,,,,,,,,,,,,,,,,,,,,,
T1147,T1147,CASP15,8EM5,A,12,103,1,103,103,103,af2,1,results/20260604_115936_casp15_casp16_unique_lt1000_all_default/sequences/T1147.fasta,results/20260604_115936_casp15_casp16_unique_lt1000_all_default/predictions/T1147/af2,results/20260604_115936_casp15_casp16_unique_lt1000_all_default/predictions/T1147/af2/rank_001.pdb,results/20260604_115936_casp15_casp16_unique_lt1000_all_default/predictions/T1147/af2/rank_001.pdb,pending,,,,,results/20260604_115936_casp15_casp16_unique_lt1000_all_default/logs/T1147_af2.log,,,Check,Check,multiple equivalent chains match,1.000000,1.000000,0.893204,92,103,high,mapped from mmCIF atom_site CA records; 11 aligned positions lack resolved CA atoms,All groups,A1,"KEK_05752, MmpS5 PDB code 8em5",,,,,,,,,,,,,,,,,,,,,,
T1151s2,T1151s2,CASP15,8D5V,A,8,91,1,116,116,116,af2,1,results/20260604_115936_casp15_casp16_unique_lt1000_all_default/sequences/T1151s2.fasta,results/20260604_115936_casp15_casp16_unique_lt1000_all_default/predictions/T1151s2/af2,results/20260604_115936_casp15_casp16_unique_lt1000_all_default/predictions/T1151s2/af2/rank_001.pdb,results/20260604_115936_casp15_casp16_unique_lt1000_all_default/predictions/T1151s2/af2/rank_001.pdb,pending,,,,,results/20260604_115936_casp15_casp16_unique_lt1000_all_default/logs/T1151s2_af2.log,,,Check,Check,reference coverage below threshold 0.724; multiple equivalent chains match,1.000000,1.000000,0.724138,84,116,high,mapped from mmCIF atom_site CA records; 32 aligned positions lack resolved CA atoms,All groups,A1,P9WF37 PDB code 8d5v,,,,,,,,,,,,,,,,,,,,,,
T1155,T1155,CASP15,8PBV,A,1,116,1,116,116,116,af2,1,results/20260604_115936_casp15_casp16_unique_lt1000_all_default/sequences/T1155.fasta,results/20260604_115936_casp15_casp16_unique_lt1000_all_default/predictions/T1155/af2,results/20260604_115936_casp15_casp16_unique_lt1000_all_default/predictions/T1155/af2/rank_001.pdb,results/20260604_115936_casp15_casp16_unique_lt1000_all_default/predictions/T1155/af2/rank_001.pdb,pending,,,,,results/20260604_115936_casp15_casp16_unique_lt1000_all_default/logs/T1155_af2.log,,,Yes,Yes,prefiltered A1 protein target with mapped residue range,1.000000,1.000000,1.000000,116,116,high,mapped from mmCIF atom_site CA records,All groups,A1,Uniprot Q8IN44 PDB code 8pbv,,,,,,,,,,,,,,,,,,,,,,
T1157s2,T1157s2,CASP15,8PKO,B,21,484,1,495,495,495,af2,1,results/20260604_115936_casp15_casp16_unique_lt1000_all_default/sequences/T1157s2.fasta,results/20260604_115936_casp15_casp16_unique_lt1000_all_default/predictions/T1157s2/af2,results/20260604_115936_casp15_casp16_unique_lt1000_all_default/predictions/T1157s2/af2/rank_001.pdb,results/20260604_115936_casp15_casp16_unique_lt1000_all_default/predictions/T1157s2/af2/rank_001.pdb,pending,,,,,results/20260604_115936_casp15_casp16_unique_lt1000_all_default/logs/T1157s2_af2.log,,,Yes,Yes,prefiltered A1 protein target with mapped residue range,1.000000,1.000000,0.937374,464,495,high,mapped from mmCIF atom_site CA records; 31 aligned positions lack resolved CA atoms,All groups,A1,Complex of CtEDEM and CtPDI1P PDB code 8pko,,,,,,,,,,,,,,,,,,,,,,
T1159,T1159,CASP15,7PZT,A,1,160,1,160,160,160,af2,1,results/20260604_115936_casp15_casp16_unique_lt1000_all_default/sequences/T1159.fasta,results/20260604_115936_casp15_casp16_unique_lt1000_all_default/predictions/T1159/af2,results/20260604_115936_casp15_casp16_unique_lt1000_all_default/predictions/T1159/af2/rank_001.pdb,results/20260604_115936_casp15_casp16_unique_lt1000_all_default/predictions/T1159/af2/rank_001.pdb,pending,,,,,results/20260604_115936_casp15_casp16_unique_lt1000_all_default/logs/T1159_af2.log,,,Check,Check,multiple equivalent chains match,1.000000,1.000000,1.000000,160,160,high,mapped from mmCIF atom_site CA records,All groups,A1,TecA tgat PDB code 7pzt,,,,,,,,,,,,,,,,,,,,,,
T1183,T1183,CASP15,8IFX,B,1,195,1,200,200,200,af2,1,results/20260604_115936_casp15_casp16_unique_lt1000_all_default/sequences/T1183.fasta,results/20260604_115936_casp15_casp16_unique_lt1000_all_default/predictions/T1183/af2,results/20260604_115936_casp15_casp16_unique_lt1000_all_default/predictions/T1183/af2/rank_001.pdb,results/20260604_115936_casp15_casp16_unique_lt1000_all_default/predictions/T1183/af2/rank_001.pdb,pending,,,,,results/20260604_115936_casp15_casp16_unique_lt1000_all_default/logs/T1183_af2.log,,,Yes,Yes,prefiltered A1 protein target with mapped residue range,1.000000,1.000000,0.975000,195,200,high,mapped from mmCIF atom_site CA records; 5 aligned positions lack resolved CA atoms,All groups,A1,TsaB PDB code 8ifx,,,,,,,,,,,,,,,,,,,,,,
T1185s1,T1185s1,CASP15,8OUY,A,4,73,1,350,350,350,af2,1,results/20260604_115936_casp15_casp16_unique_lt1000_all_default/sequences/T1185s1.fasta,results/20260604_115936_casp15_casp16_unique_lt1000_all_default/predictions/T1185s1/af2,results/20260604_115936_casp15_casp16_unique_lt1000_all_default/predictions/T1185s1/af2/rank_001.pdb,results/20260604_115936_casp15_casp16_unique_lt1000_all_default/predictions/T1185s1/af2/rank_001.pdb,pending,,,,,results/20260604_115936_casp15_casp16_unique_lt1000_all_default/logs/T1185s1_af2.log,,,Check,Check,reference coverage below threshold 0.200,1.000000,1.000000,0.200000,70,350,high,mapped from mmCIF atom_site CA records; 280 aligned positions lack resolved CA atoms,All groups,A1,BCDX2 PDB code 8ouy,,,,,,,,,,,,,,,,,,,,,,
T1185s2,T1185s2,CASP15,8OUY,B,10,349,1,376,376,376,af2,1,results/20260604_115936_casp15_casp16_unique_lt1000_all_default/sequences/T1185s2.fasta,results/20260604_115936_casp15_casp16_unique_lt1000_all_default/predictions/T1185s2/af2,results/20260604_115936_casp15_casp16_unique_lt1000_all_default/predictions/T1185s2/af2/rank_001.pdb,results/20260604_115936_casp15_casp16_unique_lt1000_all_default/predictions/T1185s2/af2/rank_001.pdb,pending,,,,,results/20260604_115936_casp15_casp16_unique_lt1000_all_default/logs/T1185s2_af2.log,,,Yes,Yes,prefiltered A1 protein target with mapped residue range,1.000000,1.000000,0.832447,313,376,high,mapped from mmCIF atom_site CA records; 63 aligned positions lack resolved CA atoms,All groups,A1,BCDX2 PDB code 8ouy,,,,,,,,,,,,,,,,,,,,,,
T1185s4,T1185s4,CASP15,8OUY,D,20,280,1,280,280,280,af2,1,results/20260604_115936_casp15_casp16_unique_lt1000_all_default/sequences/T1185s4.fasta,results/20260604_115936_casp15_casp16_unique_lt1000_all_default/predictions/T1185s4/af2,results/20260604_115936_casp15_casp16_unique_lt1000_all_default/predictions/T1185s4/af2/rank_001.pdb,results/20260604_115936_casp15_casp16_unique_lt1000_all_default/predictions/T1185s4/af2/rank_001.pdb,pending,,,,,results/20260604_115936_casp15_casp16_unique_lt1000_all_default/logs/T1185s4_af2.log,,,Yes,Yes,prefiltered A1 protein target with mapped residue range,1.000000,0.996429,0.838710,234,279,high,mapped from mmCIF atom_site CA records; 45 aligned positions lack resolved CA atoms,All groups,A1,BCDX2 PDB code 8ouy,,,,,,,,,,,,,,,,,,,,,,
T1194,T1194,CASP15,8OKH,A,22,185,1,168,168,168,af2,1,results/20260604_115936_casp15_casp16_unique_lt1000_all_default/sequences/T1194.fasta,results/20260604_115936_casp15_casp16_unique_lt1000_all_default/predictions/T1194/af2,results/20260604_115936_casp15_casp16_unique_lt1000_all_default/predictions/T1194/af2/rank_001.pdb,results/20260604_115936_casp15_casp16_unique_lt1000_all_default/predictions/T1194/af2/rank_001.pdb,pending,,,,,results/20260604_115936_casp15_casp16_unique_lt1000_all_default/logs/T1194_af2.log,,,Check,Check,multiple equivalent chains match,1.000000,0.994048,0.982036,164,167,high,mapped from mmCIF atom_site CA records; 3 aligned positions lack resolved CA atoms,All groups,A1,Bd1399 PDB code 8okh,,,,,,,,,,,,,,,,,,,,,,
T1212,T1212,CASP16,9B0L,P,53,518,1,466,466,466,af2,1,results/20260604_115936_casp15_casp16_unique_lt1000_all_default/sequences/T1212.fasta,results/20260604_115936_casp15_casp16_unique_lt1000_all_default/predictions/T1212/af2,results/20260604_115936_casp15_casp16_unique_lt1000_all_default/predictions/T1212/af2/rank_001.pdb,results/20260604_115936_casp15_casp16_unique_lt1000_all_default/predictions/T1212/af2/rank_001.pdb,pending,,,,,results/20260604_115936_casp15_casp16_unique_lt1000_all_default/logs/T1212_af2.log,,,Check,Check,multiple equivalent chains match,1.000000,1.000000,1.000000,466,466,high,mapped from mmCIF atom_site CA records,Prot,A1,Fanzor2 ternary structure PDB code 9b0l protein subunit of M1212,,,,,,,,,,,,,,,,,,,,,,
T1227s1,T1227s1,CASP16,9N8W,A,27,418,1,427,427,427,af2,1,results/20260604_115936_casp15_casp16_unique_lt1000_all_default/sequences/T1227s1.fasta,results/20260604_115936_casp15_casp16_unique_lt1000_all_default/predictions/T1227s1/af2,results/20260604_115936_casp15_casp16_unique_lt1000_all_default/predictions/T1227s1/af2/rank_001.pdb,results/20260604_115936_casp15_casp16_unique_lt1000_all_default/predictions/T1227s1/af2/rank_001.pdb,pending,,,,,results/20260604_115936_casp15_casp16_unique_lt1000_all_default/logs/T1227s1_af2.log,,,Yes,Yes,prefiltered A1 protein target with mapped residue range,1.000000,1.000000,0.918033,392,427,high,mapped from mmCIF atom_site CA records; 35 aligned positions lack resolved CA atoms,Prot,A1,LetA (P0AD03) and LetB (P76272) PDB code 9n8w,,,,,,,,,,,,,,,,,,,,,,
T1266,T1266,CASP16,8QFB,A,563,860,1,336,336,336,af2,1,results/20260604_115936_casp15_casp16_unique_lt1000_all_default/sequences/T1266.fasta,results/20260604_115936_casp15_casp16_unique_lt1000_all_default/predictions/T1266/af2,results/20260604_115936_casp15_casp16_unique_lt1000_all_default/predictions/T1266/af2/rank_001.pdb,results/20260604_115936_casp15_casp16_unique_lt1000_all_default/predictions/T1266/af2/rank_001.pdb,pending,,,,,results/20260604_115936_casp15_casp16_unique_lt1000_all_default/logs/T1266_af2.log,,,Check,Check,multiple equivalent chains match,1.000000,1.000000,0.886905,298,336,high,mapped from mmCIF atom_site CA records; 38 aligned positions lack resolved CA atoms,Prot,A1,Q99549 PDB code 8qfb,,,,,,,,,,,,,,,,,,,,,,
T1272s2,T1272s2,CASP16,9C3C,a,25,350,1,363,363,363,af2,1,results/20260604_115936_casp15_casp16_unique_lt1000_all_default/sequences/T1272s2.fasta,results/20260604_115936_casp15_casp16_unique_lt1000_all_default/predictions/T1272s2/af2,results/20260604_115936_casp15_casp16_unique_lt1000_all_default/predictions/T1272s2/af2/rank_001.pdb,results/20260604_115936_casp15_casp16_unique_lt1000_all_default/predictions/T1272s2/af2/rank_001.pdb,pending,,,,,results/20260604_115936_casp15_casp16_unique_lt1000_all_default/logs/T1272s2_af2.log,,,Check,Check,multiple equivalent chains match,1.000000,0.898072,0.972393,317,326,medium,mapped from mmCIF atom_site CA records; 9 aligned positions lack resolved CA atoms,Prot,A1,dystrophin-glycoprotein complex (DGC) PDB code 9c3c,,,,,,,,,,,,,,,,,,,,,,
T1272s3,T1272s3,CASP16,9C3C,b,57,318,1,318,318,318,af2,1,results/20260604_115936_casp15_casp16_unique_lt1000_all_default/sequences/T1272s3.fasta,results/20260604_115936_casp15_casp16_unique_lt1000_all_default/predictions/T1272s3/af2,results/20260604_115936_casp15_casp16_unique_lt1000_all_default/predictions/T1272s3/af2/rank_001.pdb,results/20260604_115936_casp15_casp16_unique_lt1000_all_default/predictions/T1272s3/af2/rank_001.pdb,pending,,,,,results/20260604_115936_casp15_casp16_unique_lt1000_all_default/logs/T1272s3_af2.log,,,Check,Check,multiple equivalent chains match,1.000000,1.000000,0.823899,262,318,high,mapped from mmCIF atom_site CA records; 56 aligned positions lack resolved CA atoms,Prot,A1,dystrophin-glycoprotein complex (DGC) PDB code 9c3c,,,,,,,,,,,,,,,,,,,,,,
T1272s4,T1272s4,CASP16,9C3C,d,21,289,1,289,289,289,af2,1,results/20260604_115936_casp15_casp16_unique_lt1000_all_default/sequences/T1272s4.fasta,results/20260604_115936_casp15_casp16_unique_lt1000_all_default/predictions/T1272s4/af2,results/20260604_115936_casp15_casp16_unique_lt1000_all_default/predictions/T1272s4/af2/rank_001.pdb,results/20260604_115936_casp15_casp16_unique_lt1000_all_default/predictions/T1272s4/af2/rank_001.pdb,pending,,,,,results/20260604_115936_casp15_casp16_unique_lt1000_all_default/logs/T1272s4_af2.log,,,Check,Check,multiple equivalent chains match,1.000000,1.000000,0.930796,269,289,high,mapped from mmCIF atom_site CA records; 20 aligned positions lack resolved CA atoms,Prot,A1,dystrophin-glycoprotein complex (DGC) PDB code 9c3c,,,,,,,,,,,,,,,,,,,,,,
T1272s5,T1272s5,CASP16,9C3C,g,28,291,1,291,291,291,af2,1,results/20260604_115936_casp15_casp16_unique_lt1000_all_default/sequences/T1272s5.fasta,results/20260604_115936_casp15_casp16_unique_lt1000_all_default/predictions/T1272s5/af2,results/20260604_115936_casp15_casp16_unique_lt1000_all_default/predictions/T1272s5/af2/rank_001.pdb,results/20260604_115936_casp15_casp16_unique_lt1000_all_default/predictions/T1272s5/af2/rank_001.pdb,pending,,,,,results/20260604_115936_casp15_casp16_unique_lt1000_all_default/logs/T1272s5_af2.log,,,Check,Check,multiple equivalent chains match,1.000000,1.000000,0.907216,264,291,high,mapped from mmCIF atom_site CA records; 27 aligned positions lack resolved CA atoms,Prot,A1,dystrophin-glycoprotein complex (DGC) PDB code 9c3c,,,,,,,,,,,,,,,,,,,,,,
T1272s6,T1272s6,CASP16,9C3C,A,63,653,1,624,624,624,af2,1,results/20260604_115936_casp15_casp16_unique_lt1000_all_default/sequences/T1272s6.fasta,results/20260604_115936_casp15_casp16_unique_lt1000_all_default/predictions/T1272s6/af2,results/20260604_115936_casp15_casp16_unique_lt1000_all_default/predictions/T1272s6/af2/rank_001.pdb,results/20260604_115936_casp15_casp16_unique_lt1000_all_default/predictions/T1272s6/af2/rank_001.pdb,pending,,,,,results/20260604_115936_casp15_casp16_unique_lt1000_all_default/logs/T1272s6_af2.log,,,Check,Check,reference coverage below threshold 0.641,1.000000,1.000000,0.641026,400,624,high,mapped from mmCIF atom_site CA records; 224 aligned positions lack resolved CA atoms,Prot,A1,dystrophin-glycoprotein complex (DGC) PDB code 9c3c,,,,,,,,,,,,,,,,,,,,,,
T1272s7,T1272s7,CASP16,9C3C,B,654,798,1,242,242,242,af2,1,results/20260604_115936_casp15_casp16_unique_lt1000_all_default/sequences/T1272s7.fasta,results/20260604_115936_casp15_casp16_unique_lt1000_all_default/predictions/T1272s7/af2,results/20260604_115936_casp15_casp16_unique_lt1000_all_default/predictions/T1272s7/af2/rank_001.pdb,results/20260604_115936_casp15_casp16_unique_lt1000_all_default/predictions/T1272s7/af2/rank_001.pdb,pending,,,,,results/20260604_115936_casp15_casp16_unique_lt1000_all_default/logs/T1272s7_af2.log,,,No,No,chain mapping below threshold identity=1.000 coverage=0.599,1.000000,0.599174,1.000000,145,145,low,mapped from mmCIF atom_site CA records,Prot,A1,dystrophin-glycoprotein complex (DGC) PDB code 9c3c,,,,,,,,,,,,,,,,,,,,,,
T1272s9,T1272s9,CASP16,9C3C,n,42,216,1,238,238,238,af2,1,results/20260604_115936_casp15_casp16_unique_lt1000_all_default/sequences/T1272s9.fasta,results/20260604_115936_casp15_casp16_unique_lt1000_all_default/predictions/T1272s9/af2,results/20260604_115936_casp15_casp16_unique_lt1000_all_default/predictions/T1272s9/af2/rank_001.pdb,results/20260604_115936_casp15_casp16_unique_lt1000_all_default/predictions/T1272s9/af2/rank_001.pdb,pending,,,,,results/20260604_115936_casp15_casp16_unique_lt1000_all_default/logs/T1272s9_af2.log,,,Check,Check,reference coverage below threshold 0.735; multiple equivalent chains match,1.000000,1.000000,0.735294,175,238,high,mapped from mmCIF atom_site CA records; 63 aligned positions lack resolved CA atoms,Prot,A1,dystrophin-glycoprotein complex (DGC) PDB code 9c3c,,,,,,,,,,,,,,,,,,,,,,
T1280,T1280,CASP16,9F5M,AAA,615,848,1,237,237,237,af2,1,results/20260604_115936_casp15_casp16_unique_lt1000_all_default/sequences/T1280.fasta,results/20260604_115936_casp15_casp16_unique_lt1000_all_default/predictions/T1280/af2,results/20260604_115936_casp15_casp16_unique_lt1000_all_default/predictions/T1280/af2/rank_001.pdb,results/20260604_115936_casp15_casp16_unique_lt1000_all_default/predictions/T1280/af2/rank_001.pdb,pending,,,,,results/20260604_115936_casp15_casp16_unique_lt1000_all_default/logs/T1280_af2.log,,,Check,Check,multiple equivalent chains match,1.000000,0.991561,0.995745,234,235,high,mapped from mmCIF atom_site CA records; 1 aligned positions lack resolved CA atoms,Prot,A1,C-terminal domain of bacteriophage K gp155 PDB code 9f5m,,,,,,,,,,,,,,,,,,,,,,
T1299,T1299,CASP16,9FJL,A,1,168,1,168,168,168,af2,1,results/20260604_115936_casp15_casp16_unique_lt1000_all_default/sequences/T1299.fasta,results/20260604_115936_casp15_casp16_unique_lt1000_all_default/predictions/T1299/af2,results/20260604_115936_casp15_casp16_unique_lt1000_all_default/predictions/T1299/af2/rank_001.pdb,results/20260604_115936_casp15_casp16_unique_lt1000_all_default/predictions/T1299/af2/rank_001.pdb,pending,,,,,results/20260604_115936_casp15_casp16_unique_lt1000_all_default/logs/T1299_af2.log,,,Yes,Yes,prefiltered A1 protein target with mapped residue range,1.000000,1.000000,1.000000,168,168,high,mapped from mmCIF atom_site CA records,Prot,A1,9FJL PDB code 9fjl,,,,,,,,,,,,,,,,,,,,,,
