model,target_id,n_reps,mean_best_lddt_ca,std_best_lddt_ca,min_best_lddt_ca,max_best_lddt_ca,max_abs_dev_lddt_ca,tolerance,exempt_nondeterministic,violation,per_rep_values
af2,T1104,3,0.7803691063076729,0.11354264634079812,0.6557641259006447,0.8779863481228669,0.2222222222222222,0.001,True,False,rep1=0.877986|rep2=0.807357|rep3=0.655764
af2,T1106s1,3,0.9078404401650619,0.003316248542294741,0.9054332874828062,0.9116231086657498,0.0061898211829436445,0.001,True,False,rep1=0.905433|rep2=0.906465|rep3=0.911623
af2,T1106s2,3,0.9523129849216806,0.00016771247602687702,0.9521299956082564,0.95245937637242,0.000329380764163556,0.001,True,False,rep1=0.952350|rep2=0.952459|rep3=0.952130
af2,T1112,3,0.8854388808325514,0.0005175578392695115,0.8851189968438112,0.886035997611533,0.0009170007677217207,0.001,True,False,rep1=0.885119|rep2=0.886036|rep3=0.885162
af2,T1114s1,3,0.8514423076923077,0.0042731703929401715,0.8480769230769231,0.85625,0.008173076923076894,0.001,True,False,rep1=0.848077|rep2=0.850000|rep3=0.856250
af2,T1114s2,3,0.92073078949349,0.0006262301211952041,0.9201569202980358,0.9213987356062316,0.0012418153081958927,0.001,True,False,rep1=0.920637|rep2=0.920157|rep3=0.921399
af2,T1114s3,3,0.9415957805405192,0.0049295629949211335,0.936827077508774,0.9466718220212956,0.009844744512521597,0.001,True,False,rep1=0.941288|rep2=0.936827|rep3=0.946672
af2,T1120,3,0.8992261492261492,0.0012665576460765373,0.8983021483021483,0.9006699006699006,0.0023677523677523293,0.001,True,False,rep1=0.898706|rep2=0.900670|rep3=0.898302
af2,T1122,3,0.4130656108597284,0.008690367439345167,0.4032239819004525,0.4196832579185521,0.0164592760180996,0.001,True,False,rep1=0.419683|rep2=0.416290|rep3=0.403224
af2,T1129s2,3,0.6508921682098766,0.025734778402428857,0.6294415509259259,0.6794270833333333,0.04998553240740744,0.001,True,False,rep1=0.643808|rep2=0.629442|rep3=0.679427
af2,T1133,3,0.9133458819208521,0.00084372307177895,0.912450647323478,0.914126342851896,0.001675695528417953,0.001,True,False,rep1=0.913461|rep2=0.912451|rep3=0.914126
af2,T1134s1,3,0.9301269617351439,0.0077568938989383265,0.9243519661435372,0.9389437488979016,0.014591782754364346,0.001,True,False,rep1=0.924352|rep2=0.938944|rep3=0.927085
af2,T1134s2,3,0.8319542053956019,9.816656129947994e-05,0.8318975289050102,0.8320675583767853,0.00017002947177502392,0.001,True,False,rep1=0.832068|rep2=0.831898|rep3=0.831898
af2,T1137s1,3,0.8929383886255925,0.0022783346619377042,0.8903317535545024,0.8945497630331752,0.004218009478672791,0.001,True,False,rep1=0.893934|rep2=0.894550|rep3=0.890332
af2,T1137s2,3,0.9351235559635835,0.0012783187829168894,0.934301124627037,0.9365962818453064,0.00229515721826945,0.001,True,False,rep1=0.934473|rep2=0.934301|rep3=0.936596
af2,T1137s3,3,0.9063921276771686,0.0051008166246860305,0.900645001240387,0.9103820391962292,0.009737037955842132,0.001,True,False,rep1=0.910382|rep2=0.900645|rep3=0.908149
af2,T1137s4,3,0.838632326820604,0.02457168369765576,0.8104351687388988,0.855461811722913,0.045026642984014265,0.001,True,False,rep1=0.810435|rep2=0.850000|rep3=0.855462
af2,T1137s5,3,0.9127619612495058,0.0024964128705365607,0.9102412020561488,0.9152332937920126,0.004992091735863791,0.001,True,False,rep1=0.915233|rep2=0.910241|rep3=0.912811
af2,T1137s6,3,0.9099299136003866,0.001244568126101994,0.9091444625702374,0.9113648722131592,0.0022204096429218056,0.001,True,False,rep1=0.911365|rep2=0.909144|rep3=0.909280
af2,T1137s7,3,0.8756035495236852,0.0004485099531797809,0.8751141850450216,0.8759950411066162,0.0008808560615946037,0.001,True,False,rep1=0.875701|rep2=0.875995|rep3=0.875114
af2,T1137s8,3,0.9252220995636861,0.004908544972069408,0.9196104715344584,0.9287178678441884,0.00910739630973001,0.001,True,False,rep1=0.919610|rep2=0.927338|rep3=0.928718
af2,T1137s9,3,0.9369846423417852,0.0011706675625231847,0.9356447124304268,0.9378092145949288,0.0021645021645020357,0.001,True,False,rep1=0.937809|rep2=0.935645|rep3=0.937500
af2,T1145,3,0.9316718408646659,0.0015679502205150381,0.9298752443371278,0.9327641715534092,0.002888927216281423,0.001,True,False,rep1=0.932376|rep2=0.929875|rep3=0.932764
af2,T1147,3,0.9426843808550504,0.013570829015187842,0.9348492590700052,0.9583546244251404,0.023505365355135255,0.001,True,False,rep1=0.958355|rep2=0.934849|rep3=0.934849
af2,T1151s2,3,0.8758302200083022,0.0015357667690896833,0.8740660024906601,0.87686799501868,0.0028019925280198255,0.001,True,False,rep1=0.876868|rep2=0.876557|rep3=0.874066
af2,T1155,3,0.6081061589499496,0.0026986812695900574,0.6050411077455646,0.6101254868022501,0.005084379056685462,0.001,True,False,rep1=0.610125|rep2=0.609152|rep3=0.605041
af2,T1157s2,3,0.9195027195027193,0.0002426184148561675,0.9192307692307692,0.9196969696969696,0.0004662004662003838,0.001,True,False,rep1=0.919580|rep2=0.919231|rep3=0.919697
af2,T1159,3,0.9639371381306865,0.000683321407851857,0.9632754342431762,0.9646401985111662,0.0013647642679900374,0.001,True,False,rep1=0.963896|rep2=0.964640|rep3=0.963275
af2,T1183,3,0.939924884570326,0.012096960333200556,0.9259871821376888,0.947694852181104,0.021707670043415228,0.001,True,False,rep1=0.946093|rep2=0.925987|rep3=0.947695
af2,T1185s1,3,0.8590850927703135,0.002330262681435321,0.8565259117082533,0.861084452975048,0.004558541266794669,0.001,True,False,rep1=0.856526|rep2=0.861084|rep3=0.859645
af2,T1185s2,3,0.8558558558558559,0.0012249851174333858,0.8548872706903795,0.8572328805489428,0.0023456098585632468,0.001,True,False,rep1=0.855447|rep2=0.854887|rep3=0.857233
af2,T1185s4,3,0.8715258519751031,0.0005552727334363057,0.870955814383435,0.8720650767239786,0.0011092623405436486,0.001,True,False,rep1=0.871557|rep2=0.872065|rep3=0.870956
af2,T1194,3,0.8886180947494443,0.0078109329968127535,0.8805156490507953,0.8961005643919959,0.015584915341200656,0.001,True,False,rep1=0.880516|rep2=0.889238|rep3=0.896101
af2,T1212,3,0.9141914952495158,0.015486495738525865,0.8963425883221106,0.9240614334470988,0.027718845124988234,0.001,True,False,rep1=0.924061|rep2=0.922170|rep3=0.896343
af2,T1227s1,3,0.9090815485996705,0.00016075468488478865,0.9089013591433276,0.909210255354201,0.00030889621087337726,0.001,True,False,rep1=0.909133|rep2=0.909210|rep3=0.908901
af2,T1266,3,0.7402581201233897,0.1585661100834736,0.6177871529667937,0.9193658138268916,0.301578660860098,0.001,True,False,rep1=0.683621|rep2=0.919366|rep3=0.617787
af2,T1272s2,3,0.8676197326619913,0.00701389557096921,0.8627045495414495,0.8756518611760474,0.012947311634597947,0.001,True,False,rep1=0.864503|rep2=0.862705|rep3=0.875652
af2,T1272s3,3,0.8126422927547877,0.01273924364803738,0.8032342306147047,0.8271394134190437,0.023905182804339065,0.001,True,False,rep1=0.807553|rep2=0.803234|rep3=0.827139
af2,T1272s4,3,0.8511115575197538,0.01574131760816434,0.8329650462032946,0.8610887906789876,0.02812374447569299,0.001,True,False,rep1=0.859281|rep2=0.832965|rep3=0.861089
af2,T1272s5,3,0.8483213429256594,0.0055928465104542495,0.8422262190247801,0.8532174260591526,0.010991207034372508,0.001,True,False,rep1=0.849520|rep2=0.842226|rep3=0.853217
af2,T1272s6,3,0.8878219526804433,0.004428768246097902,0.8842374213836478,0.8927729110512129,0.008535489667565122,0.001,True,False,rep1=0.892773|rep2=0.884237|rep3=0.886456
af2,T1272s7,3,0.7570181255526083,0.001164417965611473,0.7558023872679045,0.7581233421750663,0.0023209549071617763,0.001,True,False,rep1=0.758123|rep2=0.755802|rep3=0.757129
af2,T1272s9,3,0.8762788008184326,0.0007349306841854678,0.8754336802775554,0.8767680811315719,0.001334400854016482,0.001,True,False,rep1=0.876635|rep2=0.875434|rep3=0.876768
af2,T1280,3,0.9441369580552391,0.004992002943832275,0.940297900048836,0.9497802376688916,0.00948233762005568,0.001,True,False,rep1=0.940298|rep2=0.942333|rep3=0.949780
af2,T1299,3,0.9501933801043353,0.0006375898038657555,0.9494738262277388,0.9506880733944956,0.0012142471667567767,0.001,True,False,rep1=0.949474|rep2=0.950688|rep3=0.950418
boltz2,T1104,3,0.932467450385539,0.008074741584942521,0.9238718240424724,0.9398938187334092,0.01602199469093679,0.001,False,True,rep1=0.933637|rep2=0.923872|rep3=0.939894
boltz2,T1106s1,3,0.8835396607060981,0.0053752288343390095,0.8786107290233838,0.8892709766162311,0.010660247592847338,0.001,False,True,rep1=0.889271|rep2=0.882737|rep3=0.878611
boltz2,T1106s2,3,0.9472990777338604,0.0009571583099562533,0.9462011418533158,0.9479578392621872,0.0017566974088714105,0.001,False,True,rep1=0.947738|rep2=0.947958|rep3=0.946201
boltz2,T1112,3,0.8761764622252551,0.0024846229847667743,0.873709801245415,0.878678665870511,0.004968864625096048,0.001,False,True,rep1=0.878679|rep2=0.876141|rep3=0.873710
boltz2,T1114s1,3,0.7346153846153847,0.01951117681509905,0.7158653846153846,0.7548076923076923,0.038942307692307665,0.001,False,True,rep1=0.754808|rep2=0.733173|rep3=0.715865
boltz2,T1114s2,3,0.9507507337999549,0.005623407892631262,0.9442594265071124,0.9541375028223076,0.009878076315195217,0.001,False,True,rep1=0.954138|rep2=0.953855|rep3=0.944259
boltz2,T1114s3,3,0.9704855947494696,0.0031575457616979524,0.9683243114627328,0.9741092142049848,0.005784902742251963,0.001,False,True,rep1=0.974109|rep2=0.969023|rep3=0.968324
boltz2,T1120,3,0.9197274197274198,0.004855128102791259,0.9142989142989144,0.9236544236544236,0.009355509355509217,0.001,False,True,rep1=0.921229|rep2=0.914299|rep3=0.923654
boltz2,T1122,3,0.45682503770739064,0.022421768559056414,0.4355769230769231,0.4802601809954752,0.0446832579185521,0.001,False,True,rep1=0.435577|rep2=0.480260|rep3=0.454638
boltz2,T1129s2,3,0.794309413580247,0.0055444174050245905,0.7883969907407408,0.7993923611111111,0.01099537037037035,0.001,False,True,rep1=0.799392|rep2=0.788397|rep3=0.795139
boltz2,T1133,3,0.9196125241024701,0.0014855100254672435,0.918556606372234,0.921311174364154,0.002754567991919976,0.001,False,True,rep1=0.918557|rep2=0.921311|rep3=0.918970
boltz2,T1134s1,3,0.977884558866749,0.0026689294852425454,0.9754452477517191,0.980735320049374,0.00529007229765488,0.001,False,True,rep1=0.977473|rep2=0.980735|rep3=0.975445
boltz2,T1134s2,3,0.8373762563288748,0.0013440018447693153,0.8361482656993879,0.8388120607571979,0.0026637950578100034,0.001,False,True,rep1=0.836148|rep2=0.838812|rep3=0.837168
boltz2,T1137s1,3,0.81913112164297,0.018877220083817533,0.8044549763033175,0.8404265402843601,0.03597156398104262,0.001,False,True,rep1=0.812512|rep2=0.804455|rep3=0.840427
boltz2,T1137s2,3,0.8828896029378012,0.008397931334950879,0.8736515951342667,0.8900619692448933,0.016410374110626624,0.001,False,True,rep1=0.890062|rep2=0.884955|rep3=0.873652
boltz2,T1137s3,3,0.8638261804349624,0.01567904285379533,0.8541304887124782,0.8819151575291492,0.027784668816670965,0.001,False,True,rep1=0.881915|rep2=0.854130|rep3=0.855433
boltz2,T1137s4,3,0.8185316755476614,0.00813282067374279,0.8092806394316163,0.8245559502664298,0.015275310834813483,0.001,False,True,rep1=0.824556|rep2=0.809281|rep3=0.821758
boltz2,T1137s5,3,0.838967971530249,0.014332109506172443,0.8251285092922104,0.8537465401344404,0.028618030842230024,0.001,False,True,rep1=0.825129|rep2=0.853747|rep3=0.838029
boltz2,T1137s6,3,0.8297534892151531,0.010966947359387622,0.8179264092804059,0.8395867319195215,0.021660322639115548,0.001,False,True,rep1=0.817926|rep2=0.839587|rep3=0.831747
boltz2,T1137s7,3,0.8986363043194573,0.0037296009096160062,0.8964504763147593,0.9029427117316978,0.006492235416938552,0.001,False,True,rep1=0.896516|rep2=0.902943|rep3=0.896450
boltz2,T1137s8,3,0.9542001787310098,0.004085361325952622,0.9509935341428796,0.9587998738369344,0.007806339694054865,0.001,False,True,rep1=0.952807|rep2=0.958800|rep3=0.950994
boltz2,T1137s9,3,0.9394197072768501,0.0035311637717265402,0.935722016079159,0.942756648113791,0.00703463203463206,0.001,False,True,rep1=0.942757|rep2=0.935722|rep3=0.939780
boltz2,T1145,3,0.9280834387336628,0.0022226428467011627,0.9257215131654594,0.9301339542370932,0.004412441071633855,0.001,False,True,rep1=0.930134|rep2=0.928395|rep3=0.925722
boltz2,T1147,3,0.9789644012944984,0.003207261123769444,0.9762391415431784,0.9824987225344916,0.006259580991313185,0.001,False,True,rep1=0.976239|rep2=0.978155|rep3=0.982499
boltz2,T1151s2,3,0.871834786218348,0.008429486827855243,0.8642590286425904,0.8809153175591532,0.01665628891656279,0.001,False,True,rep1=0.880915|rep2=0.864259|rep3=0.870330
boltz2,T1155,3,0.6150295687292658,0.026859238050025724,0.5902206836867157,0.6435525746430116,0.05333189095629598,0.001,False,True,rep1=0.643553|rep2=0.611315|rep3=0.590221
boltz2,T1157s2,3,0.9152292152292153,0.006094505040480906,0.9085081585081584,0.9203962703962704,0.011888111888112007,0.001,False,True,rep1=0.916783|rep2=0.908508|rep3=0.920396
boltz2,T1159,3,0.9707816377171216,0.0009367040242271468,0.9699131513647644,0.9717741935483872,0.0018610421836228186,0.001,False,True,rep1=0.970658|rep2=0.971774|rep3=0.969913
boltz2,T1183,3,0.9510371442354076,0.0041394218126982445,0.9465060988215837,0.954620632623527,0.00811453380194338,0.001,False,True,rep1=0.946506|rep2=0.951985|rep3=0.954621
boltz2,T1185s1,3,0.8613243761996161,0.0007197696737044068,0.8606046065259116,0.8620441458733205,0.0014395393474088136,0.001,False,True,rep1=0.862044|rep2=0.861324|rep3=0.860605
boltz2,T1185s2,3,0.8277668860570415,0.005046211254091641,0.8228539420249265,0.8329365635065117,0.01008262148158523,0.001,False,True,rep1=0.822854|rep2=0.827510|rep3=0.832937
boltz2,T1185s4,3,0.8736827509706045,0.0026914537551377808,0.8711406914401923,0.8765021260861526,0.0053614346459602835,0.001,False,True,rep1=0.876502|rep2=0.873405|rep3=0.871141
boltz2,T1194,3,0.9587822815118864,0.00809996338350191,0.9496536685479732,0.965110312981016,0.015456644433042843,0.001,False,True,rep1=0.961583|rep2=0.949654|rep3=0.965110
boltz2,T1212,3,0.9125388186821635,0.0019316381357072248,0.91052485933032,0.9143759800756388,0.0038511207453187923,0.001,False,True,rep1=0.914376|rep2=0.910525|rep3=0.912716
boltz2,T1227s1,3,0.8984589511257551,0.0012963864994020502,0.8975494233937397,0.8999433690280065,0.0023939456342668697,0.001,False,True,rep1=0.899943|rep2=0.897884|rep3=0.897549
boltz2,T1266,3,0.9529123571039739,0.0046910854294078385,0.947638813282526,0.9566208492106696,0.008982035928143617,0.001,False,True,rep1=0.956621|rep2=0.947639|rep3=0.954477
boltz2,T1272s2,3,0.8534286399328658,0.013112526861114842,0.8387430318288078,0.8639633159503687,0.025220284121560854,0.001,False,True,rep1=0.838743|rep2=0.857580|rep3=0.863963
boltz2,T1272s3,3,0.66649926342574,0.0020346209460611205,0.6642225793491362,0.668139815186822,0.003917235837685773,0.001,False,True,rep1=0.664223|rep2=0.668140|rep3=0.667135
boltz2,T1272s4,3,0.7745747957680461,0.012359801989292854,0.7603455202892728,0.7826436319807151,0.022298111691442246,0.001,False,True,rep1=0.760346|rep2=0.780735|rep3=0.782644
boltz2,T1272s5,3,0.6638689048760992,0.055090218425574655,0.6016187050359713,0.7063349320543565,0.10471622701838523,0.001,False,True,rep1=0.706335|rep2=0.683653|rep3=0.601619
boltz2,T1272s6,3,0.861597783767595,0.0057108317770906735,0.8561039982030548,0.8675033692722371,0.011399371069182318,0.001,False,True,rep1=0.867503|rep2=0.856104|rep3=0.861186
boltz2,T1272s7,3,0.7420977011494253,0.016588469440400187,0.7274535809018567,0.7601127320954907,0.03265915119363394,0.001,False,True,rep1=0.760113|rep2=0.727454|rep3=0.738727
boltz2,T1272s9,3,0.8310870918957388,0.013567374812652976,0.8157192420603149,0.8414064585001335,0.02568721643981864,0.001,False,True,rep1=0.815719|rep2=0.836136|rep3=0.841406
boltz2,T1280,3,0.9495089261490043,0.008425140121109473,0.9400130229529546,0.9560882305062672,0.016075207553312598,0.001,False,True,rep1=0.952426|rep2=0.956088|rep3=0.940013
boltz2,T1299,3,0.9152950170894045,0.004073453635581929,0.9127765785213168,0.9199946033459256,0.007218024824608871,0.001,False,True,rep1=0.912777|rep2=0.919995|rep3=0.913114
chai1,T1104,3,0.5518897737327771,0.045830433980026286,0.4990519529768676,0.5808684110731892,0.0818164580963216,0.001,False,True,rep1=0.580868|rep2=0.575749|rep3=0.499052
chai1,T1106s1,3,0.7635259055479139,0.035003657084491525,0.7231774415405777,0.7857634112792298,0.06258596973865205,0.001,False,True,rep1=0.781637|rep2=0.723177|rep3=0.785763
chai1,T1106s2,3,0.9531181379007466,0.0037086837404599116,0.9488361879666228,0.9553140096618358,0.0064778216952129375,0.001,False,True,rep1=0.955314|rep2=0.948836|rep3=0.955204
chai1,T1112,3,0.8653146236742586,0.0038407595676707273,0.8612130000853023,0.8688262390173163,0.007613238932013933,0.001,False,True,rep1=0.861213|rep2=0.865905|rep3=0.868826
chai1,T1114s1,3,0.7778846153846155,0.01690913980295094,0.7620192307692308,0.795673076923077,0.033653846153846145,0.001,False,True,rep1=0.762019|rep2=0.795673|rep3=0.775962
chai1,T1114s2,3,0.7282776397982991,0.006888762595390503,0.721494694061865,0.735267554752766,0.013772860690901001,0.001,False,True,rep1=0.721495|rep2=0.728071|rep3=0.735268
chai1,T1114s3,3,0.8777040826443003,0.011832239546789962,0.865742668490869,0.8894027719945273,0.023660103503658325,0.001,False,True,rep1=0.889403|rep2=0.865743|rep3=0.877967
chai1,T1120,3,0.8494840994840995,0.0038698284540312354,0.8452298452298452,0.8527951027951028,0.00756525756525761,0.001,False,True,rep1=0.850427|rep2=0.852795|rep3=0.845230
chai1,T1122,3,0.5116892911010558,0.014679899310735474,0.495814479638009,0.5247737556561085,0.0289592760180995,0.001,False,True,rep1=0.514480|rep2=0.495814|rep3=0.524774
chai1,T1129s2,3,0.19069733796296293,0.018250975573019766,0.1724826388888888,0.208984375,0.03650173611111121,0.001,False,True,rep1=0.172483|rep2=0.208984|rep3=0.190625
chai1,T1133,3,0.9208520796988341,0.0005856831706075394,0.920278211367184,0.92144890276375,0.0011706913965660037,0.001,False,True,rep1=0.920278|rep2=0.921449|rep3=0.920829
chai1,T1134s1,3,0.9221624639981191,0.01148387233066337,0.9139481572914828,0.935284782225357,0.021336624933874226,0.001,False,True,rep1=0.913948|rep2=0.935285|rep3=0.917254
chai1,T1134s2,3,0.8276467921106324,0.0005406592617416138,0.8270800272047155,0.8281568805259578,0.0010768533212422993,0.001,False,True,rep1=0.827703|rep2=0.827080|rep3=0.828157
chai1,T1137s1,3,0.802385466034755,0.004737519398892334,0.7969194312796207,0.8053080568720379,0.008388625592417154,0.001,False,True,rep1=0.796919|rep2=0.804929|rep3=0.805308
chai1,T1137s2,3,0.8775342360951726,0.010839202442852063,0.8661349552444343,0.8877094330961671,0.02157447785173283,0.001,False,True,rep1=0.866135|rep2=0.887709|rep3=0.878758
chai1,T1137s3,3,0.8857810303481353,0.015428905277373206,0.8737906226742744,0.9031877945919128,0.029397171917638354,0.001,False,True,rep1=0.873791|rep2=0.880365|rep3=0.903188
chai1,T1137s4,3,0.730683836589698,0.007349123705395958,0.7238454706927175,0.7384547069271759,0.014609236234458312,0.001,False,True,rep1=0.729751|rep2=0.723845|rep3=0.738455
chai1,T1137s5,3,0.8386714116251482,0.009175402434403913,0.8287366548042704,0.8468268090154211,0.018090154211150677,0.001,False,True,rep1=0.828737|rep2=0.846827|rep3=0.840451
chai1,T1137s6,3,0.8082442148510665,0.009834112759626786,0.7984864962842124,0.818152981692949,0.01966648540873661,0.001,False,True,rep1=0.798486|rep2=0.818153|rep3=0.808093
chai1,T1137s7,3,0.8269172212797424,0.0022565860455024127,0.8253621297142111,0.8295054156335638,0.004143285919352757,0.001,False,True,rep1=0.829505|rep2=0.825884|rep3=0.825362
chai1,T1137s8,3,0.8920780108289964,0.00020231830308499923,0.8918545970667087,0.8922488566472165,0.0003942595805078719,0.001,False,False,rep1=0.892131|rep2=0.892249|rep3=0.891855
chai1,T1137s9,3,0.8655818387961244,0.0023965170112001076,0.8631725417439703,0.8679653679653679,0.00479282622139765,0.001,False,True,rep1=0.863173|rep2=0.865608|rep3=0.867965
chai1,T1145,3,0.6095396880150243,0.001941459544054855,0.6082988386800047,0.6117770495573186,0.0034782108773139253,0.001,False,True,rep1=0.611777|rep2=0.608299|rep3=0.608543
chai1,T1147,3,0.9283341849770057,0.011302501972710646,0.9211803781297904,0.9413643331630046,0.02018395503321424,0.001,False,True,rep1=0.921180|rep2=0.941364|rep3=0.922458
chai1,T1151s2,3,0.7992943129929432,0.014644491008893274,0.7875155666251556,0.8156911581569116,0.028175591531755972,0.001,False,True,rep1=0.815691|rep2=0.787516|rep3=0.794676
chai1,T1155,3,0.5757608538872061,0.018814728988185467,0.5552790999567286,0.5922760709649503,0.036996971008221635,0.001,False,True,rep1=0.592276|rep2=0.579727|rep3=0.555279
chai1,T1157s2,3,0.9052680652680652,0.011982984478771953,0.8955244755244756,0.9186480186480186,0.023123543123543033,0.001,False,True,rep1=0.895524|rep2=0.918648|rep3=0.901632
chai1,T1159,3,0.6541563275434243,0.016675233366165217,0.6367866004962779,0.6700372208436725,0.033250620347394566,0.001,False,True,rep1=0.670037|rep2=0.655645|rep3=0.636787
chai1,T1183,3,0.9416477155261527,0.0041512361746857416,0.93849493487699,0.9463510440355593,0.007856109158569269,0.001,False,True,rep1=0.940097|rep2=0.946351|rep3=0.938495
chai1,T1185s1,3,0.8508477287268074,0.013555839121476537,0.8363723608445297,0.8632437619961613,0.026871401151631558,0.001,False,True,rep1=0.852927|rep2=0.836372|rep3=0.863244
chai1,T1185s2,3,0.8329715726088783,0.004185308537705718,0.8304509172384821,0.8378028287354712,0.007351911496989105,0.001,False,True,rep1=0.830451|rep2=0.837803|rep3=0.830661
chai1,T1185s4,3,0.8496025143279718,0.0022132223874677514,0.8472453318543168,0.8516361619523017,0.00439083009798491,0.001,False,True,rep1=0.847245|rep2=0.849926|rep3=0.851636
chai1,T1194,3,0.831537540619121,0.031121251348982183,0.805861980502822,0.866149307337096,0.06028732683427407,0.001,False,True,rep1=0.866149|rep2=0.805862|rep3=0.822601
chai1,T1212,3,0.7521523229714356,0.004879720280755168,0.7465178489069274,0.7550041509085877,0.00848630200166034,0.001,False,True,rep1=0.746518|rep2=0.754935|rep3=0.755004
chai1,T1227s1,3,0.8842840472267985,0.008098195175030397,0.875823723228995,0.891963550247117,0.016139827018122,0.001,False,True,rep1=0.885065|rep2=0.875824|rep3=0.891964
chai1,T1266,3,0.721171293776084,0.008347766814418494,0.715194610778443,0.7307090364725095,0.01551442569406647,0.001,False,True,rep1=0.717610|rep2=0.730709|rep3=0.715195
chai1,T1272s2,3,0.8407360786429298,0.00816236195441749,0.8313253012048192,0.8458910267937422,0.014565725588922995,0.001,False,True,rep1=0.844992|rep2=0.845891|rep3=0.831325
chai1,T1272s3,3,0.781203964108745,0.020204149519885983,0.7579349136199277,0.7942948975492166,0.03635998392928885,0.001,False,True,rep1=0.791382|rep2=0.757935|rep3=0.794295
chai1,T1272s4,3,0.8590464711396812,0.006306549126193223,0.8518481317798313,0.8635998392928887,0.01175170751305743,0.001,False,True,rep1=0.851848|rep2=0.863600|rep3=0.861691
chai1,T1272s5,3,0.8558819610977885,0.010388003046729752,0.8482214228617106,0.8677058353317346,0.01948441247002397,0.001,False,True,rep1=0.848221|rep2=0.851719|rep3=0.867706
chai1,T1272s6,3,0.8019429469901168,0.006040268226048496,0.796187106918239,0.8082322551662173,0.01204514824797831,0.001,False,True,rep1=0.808232|rep2=0.796187|rep3=0.801409
chai1,T1272s7,3,0.6291445623342176,0.0065226510520245634,0.6231763925729443,0.636107427055703,0.012931034482758674,0.001,False,True,rep1=0.628150|rep2=0.623176|rep3=0.636107
chai1,T1272s9,3,0.8183880437683478,0.008061537338914038,0.8118494795836668,0.8273952495329596,0.015545769949292798,0.001,False,True,rep1=0.827395|rep2=0.811849|rep3=0.815919
chai1,T1280,3,0.9615687232079874,0.005723258474595975,0.9567393781539963,0.9678902816213576,0.01115090346736125,0.001,False,True,rep1=0.960077|rep2=0.956739|rep3=0.967890
chai1,T1299,3,0.9452239611440906,0.014176011056792063,0.9290339989206692,0.95541014570966,0.026376146788990806,0.001,False,True,rep1=0.951228|rep2=0.929034|rep3=0.955410
colabfold,T1104,3,0.8796612311970674,0.000602090724410885,0.8793136139552522,0.8803564656806978,0.0010428517254456038,0.001,False,True,rep1=0.879314|rep2=0.880356|rep3=0.879314
colabfold,T1106s1,3,0.8771205868867492,0.0005252837797977654,0.876547455295736,0.8775790921595599,0.0010316368638239037,0.001,False,True,rep1=0.877579|rep2=0.877235|rep3=0.876547
colabfold,T1106s2,3,0.9453593910115649,0.00012677871523701428,0.9452129995608256,0.9454325867369344,0.00021958717610881529,0.001,False,False,rep1=0.945433|rep2=0.945213|rep3=0.945433
colabfold,T1112,3,0.8873155335664932,0.0,0.8873155335664932,0.8873155335664932,0.0,0.001,False,False,rep1=0.887316|rep2=0.887316|rep3=0.887316
colabfold,T1114s1,3,0.8596153846153847,0.0,0.8596153846153847,0.8596153846153847,0.0,0.001,False,False,rep1=0.859615|rep2=0.859615|rep3=0.859615
colabfold,T1114s2,3,0.9122074207872356,0.00021922142315287707,0.9120286746443892,0.9124520207721832,0.00042334612779404424,0.001,False,False,rep1=0.912452|rep2=0.912029|rep3=0.912142
colabfold,T1114s3,3,0.9350970594650327,0.00017363908441031116,0.9349086907382071,0.9352507286895484,0.00034203795134124526,0.001,False,False,rep1=0.935132|rep2=0.935251|rep3=0.934909
colabfold,T1120,3,0.882940632940633,0.0004360033746402905,0.8824786324786325,0.8833448833448834,0.0008662508662509172,0.001,False,False,rep1=0.883345|rep2=0.882998|rep3=0.882479
colabfold,T1122,3,0.4590497737556561,0.003089188191045549,0.4571266968325792,0.4626131221719457,0.005486425339366496,0.001,False,True,rep1=0.457127|rep2=0.462613|rep3=0.457410
colabfold,T1129s2,3,0.7003761574074074,0.00035082047607010793,0.7001736111111111,0.70078125,0.0006076388888889284,0.001,False,False,rep1=0.700174|rep2=0.700174|rep3=0.700781
colabfold,T1133,3,0.9158173415358247,0.00014578213573329812,0.915733174180516,0.915985676246442,0.0002525020659259747,0.001,False,False,rep1=0.915733|rep2=0.915733|rep3=0.915986
colabfold,T1134s1,3,0.9399576794216187,0.00019215742124584762,0.9398254276141772,0.9401780991006876,0.00035267148651041413,0.001,False,False,rep1=0.939825|rep2=0.939870|rep3=0.940178
colabfold,T1134s2,3,0.8318975289050102,0.00019633312259895988,0.8317841759238269,0.832124234867377,0.00034005894355004784,0.001,False,False,rep1=0.831784|rep2=0.832124|rep3=0.831784
colabfold,T1137s1,3,0.8939968404423381,0.00015234835325425943,0.8938862559241707,0.8941706161137442,0.00028436018957345155,0.001,False,False,rep1=0.893934|rep2=0.894171|rep3=0.893886
colabfold,T1137s2,3,0.9307818835590238,6.625548188998693e-05,0.9307436309387194,0.9308583887996328,0.000114757860913417,0.001,False,False,rep1=0.930744|rep2=0.930744|rep3=0.930858
colabfold,T1137s3,3,0.9015546183742661,0.0005012964381451827,0.9010171173406104,0.9020094269412056,0.0009923096005951537,0.001,False,False,rep1=0.901017|rep2=0.901637|rep3=0.902009
colabfold,T1137s4,3,0.8558318531675547,0.00021904453207443835,0.855683836589698,0.8560834813499112,0.000399644760213147,0.001,False,False,rep1=0.855684|rep2=0.855728|rep3=0.856083
colabfold,T1137s5,3,0.9137010676156584,0.0,0.9137010676156584,0.9137010676156584,0.0,0.001,False,False,rep1=0.913701|rep2=0.913701|rep3=0.913701
colabfold,T1137s6,3,0.9003836626185727,0.0002616232867452972,0.9000815660685155,0.9005347108936016,0.00045314482508607146,0.001,False,False,rep1=0.900535|rep2=0.900082|rep3=0.900535
colabfold,T1137s7,3,0.8815302970986124,0.0004257856355311705,0.8810518073861412,0.8818674148505807,0.0008156074644395384,0.001,False,False,rep1=0.881052|rep2=0.881867|rep3=0.881672
colabfold,T1137s8,3,0.934211217999264,0.000335313852235977,0.9339615202649424,0.9345923355937548,0.000630815328812373,0.001,False,False,rep1=0.933962|rep2=0.934080|rep3=0.934592
colabfold,T1137s9,3,0.9351035868893011,6.69469236073686e-05,0.935064935064935,0.9351808905380334,0.00011595547309839471,0.001,False,False,rep1=0.935181|rep2=0.935065|rep3=0.935065
colabfold,T1145,3,0.9114924686673566,0.0003059071612882279,0.9111618949062896,0.9117655513395424,0.000603656433252775,0.001,False,False,rep1=0.911766|rep2=0.911550|rep3=0.911162
colabfold,T1147,3,0.9599301652188724,7.375450551739316e-05,0.959887583035258,0.9600153295861013,0.00012774655084324404,0.001,False,False,rep1=0.959888|rep2=0.959888|rep3=0.960015
colabfold,T1151s2,3,0.8912411789124118,0.0007189916179198357,0.8904109589041096,0.8916562889165629,0.001245330012453305,0.001,False,True,rep1=0.890411|rep2=0.891656|rep3=0.891656
colabfold,T1155,3,0.5970359151882302,0.0004715381808244122,0.5967113803548247,0.5975768065772393,0.0008654262224145892,0.001,False,False,rep1=0.596711|rep2=0.596820|rep3=0.597577
colabfold,T1157s2,3,0.9006837606837607,2.691609646571206e-05,0.9006526806526807,0.9006993006993007,4.662004662003838e-05,0.001,False,False,rep1=0.900699|rep2=0.900699|rep3=0.900653
colabfold,T1159,3,0.9599875930521091,6.203473945409765e-05,0.959925558312655,0.9600496277915632,0.0001240694789081953,0.001,False,False,rep1=0.960050|rep2=0.959926|rep3=0.959988
colabfold,T1183,3,0.9602026049204052,0.00035808368980130877,0.9597891254910068,0.9604093446351044,0.0006202191440976002,0.001,False,False,rep1=0.960409|rep2=0.959789|rep3=0.960409
colabfold,T1185s1,3,0.8645233525271913,0.0003664887791870951,0.8642034548944337,0.8649232245681381,0.0007197696737043513,0.001,False,False,rep1=0.864203|rep2=0.864923|rep3=0.864443
colabfold,T1185s2,3,0.8553423890211455,7.001820473323539e-05,0.8552723708164123,0.8554124072258787,0.00014003640946647078,0.001,False,False,rep1=0.855342|rep2=0.855412|rep3=0.855272
colabfold,T1185s4,3,0.8728045849510075,0.00028114080838877474,0.8726197078942503,0.8731281198003328,0.0005084119060825287,0.001,False,False,rep1=0.873128|rep2=0.872666|rep3=0.872620
colabfold,T1194,3,0.9599580981700019,0.0005223529896900969,0.9595946639302206,0.960556695741406,0.000962031811185371,0.001,False,False,rep1=0.959723|rep2=0.959595|rep3=0.960557
colabfold,T1212,3,0.9220935953017865,0.002030686572926829,0.9197491006364726,0.9233004335393414,0.003551332902868798,0.001,False,True,rep1=0.919749|rep2=0.923231|rep3=0.923300
colabfold,T1227s1,3,0.9101884266886326,0.0002831548599669942,0.9099052718286657,0.9104715815485996,0.0005663097199339884,0.001,False,False,rep1=0.910472|rep2=0.910188|rep3=0.909905
colabfold,T1266,3,0.9366494284158954,0.00013609145345672147,0.9365133369624388,0.9367855198693522,0.00027218290691344293,0.001,False,False,rep1=0.936649|rep2=0.936786|rep3=0.936513
colabfold,T1272s2,3,0.8716807528621952,0.0003823458257559526,0.8712911346880058,0.8720553857219925,0.0007642510339866959,0.001,False,False,rep1=0.871291|rep2=0.872055|rep3=0.871696
colabfold,T1272s3,3,0.8093277085844383,0.0007403691036392455,0.8087585375652873,0.810164724789072,0.0014061872237847162,0.001,False,True,rep1=0.809060|rep2=0.810165|rep3=0.808759
colabfold,T1272s4,3,0.8403977501004419,0.0008221527492841323,0.8394937725994375,0.8411008437123343,0.0016070711128968185,0.001,False,True,rep1=0.839494|rep2=0.841101|rep3=0.840599
colabfold,T1272s5,3,0.8439248601119104,0.0026885739502545934,0.8417266187050358,0.8469224620303757,0.005195843325339844,0.001,False,True,rep1=0.843125|rep2=0.846922|rep3=0.841727
colabfold,T1272s6,3,0.8694126235399819,0.00011230907457326911,0.8693003144654088,0.8695249326145553,0.00022461814914653822,0.001,False,False,rep1=0.869525|rep2=0.869300|rep3=0.869413
colabfold,T1272s7,3,0.7532603890362511,0.00034510377975235923,0.7529840848806366,0.7536472148541115,0.0006631299734748408,0.001,False,False,rep1=0.753150|rep2=0.752984|rep3=0.753647
colabfold,T1272s9,3,0.860599590783738,0.0001540833384546821,0.8604216706698692,0.8606885508406725,0.0002668801708033408,0.001,False,False,rep1=0.860689|rep2=0.860422|rep3=0.860689
colabfold,T1280,3,0.944435400727115,0.000183511710598377,0.944245482663194,0.9446117532150416,0.00036627055184768054,0.001,False,False,rep1=0.944449|rep2=0.944612|rep3=0.944245
colabfold,T1299,3,0.9499460334592552,0.00013491635186191342,0.9498111171073934,0.9500809498111172,0.00026983270372382684,0.001,False,False,rep1=0.949946|rep2=0.949811|rep3=0.950081
esmfold,T1104,3,0.8003412969283277,0.0,0.8003412969283277,0.8003412969283277,0.0,0.001,False,False,rep1=0.800341|rep2=0.800341|rep3=0.800341
esmfold,T1106s1,3,0.8098349381017882,0.0,0.8098349381017882,0.8098349381017882,0.0,0.001,False,False,rep1=0.809835|rep2=0.809835|rep3=0.809835
esmfold,T1106s2,3,0.9574000878348704,0.0,0.9574000878348704,0.9574000878348704,0.0,0.001,False,False,rep1=0.957400|rep2=0.957400|rep3=0.957400
esmfold,T1112,3,0.857225113025676,0.0,0.857225113025676,0.857225113025676,0.0,0.001,False,False,rep1=0.857225|rep2=0.857225|rep3=0.857225
esmfold,T1114s1,3,0.8495192307692307,0.0,0.8495192307692307,0.8495192307692307,0.0,0.001,False,False,rep1=0.849519|rep2=0.849519|rep3=0.849519
esmfold,T1114s2,3,0.7215511402122375,0.0,0.7215511402122375,0.7215511402122375,0.0,0.001,False,False,rep1=0.721551|rep2=0.721551|rep3=0.721551
esmfold,T1114s3,3,0.8579947653322227,1.3597399555105182e-16,0.8579947653322229,0.8579947653322229,0.0,0.001,False,False,rep1=0.857995|rep2=0.857995|rep3=0.857995
esmfold,T1120,3,0.8451143451143451,0.0,0.8451143451143451,0.8451143451143451,0.0,0.001,False,False,rep1=0.845114|rep2=0.845114|rep3=0.845114
esmfold,T1122,3,0.5304864253393665,0.0,0.5304864253393665,0.5304864253393665,0.0,0.001,False,False,rep1=0.530486|rep2=0.530486|rep3=0.530486
esmfold,T1129s2,3,0.1587818287037037,0.0,0.1587818287037037,0.1587818287037037,0.0,0.001,False,False,rep1=0.158782|rep2=0.158782|rep3=0.158782
esmfold,T1133,3,0.9153658984482599,1.3597399555105182e-16,0.91536589844826,0.91536589844826,0.0,0.001,False,False,rep1=0.915366|rep2=0.915366|rep3=0.915366
esmfold,T1134s1,3,0.9049550343854701,1.3597399555105182e-16,0.90495503438547,0.90495503438547,0.0,0.001,False,False,rep1=0.904955|rep2=0.904955|rep3=0.904955
esmfold,T1134s2,3,0.8260598503740648,0.0,0.8260598503740648,0.8260598503740648,0.0,0.001,False,False,rep1=0.826060|rep2=0.826060|rep3=0.826060
esmfold,T1137s1,3,0.7673459715639811,0.0,0.7673459715639811,0.7673459715639811,0.0,0.001,False,False,rep1=0.767346|rep2=0.767346|rep3=0.767346
esmfold,T1137s2,3,0.8869635070002295,0.0,0.8869635070002295,0.8869635070002295,0.0,0.001,False,False,rep1=0.886964|rep2=0.886964|rep3=0.886964
esmfold,T1137s3,3,0.8944430662366658,0.0,0.8944430662366658,0.8944430662366658,0.0,0.001,False,False,rep1=0.894443|rep2=0.894443|rep3=0.894443
esmfold,T1137s4,3,0.7098579040852576,0.0,0.7098579040852576,0.7098579040852576,0.0,0.001,False,False,rep1=0.709858|rep2=0.709858|rep3=0.709858
esmfold,T1137s5,3,0.7961150652431791,0.0,0.7961150652431791,0.7961150652431791,0.0,0.001,False,False,rep1=0.796115|rep2=0.796115|rep3=0.796115
esmfold,T1137s6,3,0.7824451694761644,1.3597399555105182e-16,0.7824451694761645,0.7824451694761645,0.0,0.001,False,False,rep1=0.782445|rep2=0.782445|rep3=0.782445
esmfold,T1137s7,3,0.7935208143024925,0.0,0.7935208143024925,0.7935208143024925,0.0,0.001,False,False,rep1=0.793521|rep2=0.793521|rep3=0.793521
esmfold,T1137s8,3,0.8966251379908532,0.0,0.8966251379908532,0.8966251379908532,0.0,0.001,False,False,rep1=0.896625|rep2=0.896625|rep3=0.896625
esmfold,T1137s9,3,0.9064239332096476,0.0,0.9064239332096476,0.9064239332096476,0.0,0.001,False,False,rep1=0.906424|rep2=0.906424|rep3=0.906424
esmfold,T1145,3,0.5981229159480281,0.0,0.5981229159480281,0.5981229159480281,0.0,0.001,False,False,rep1=0.598123|rep2=0.598123|rep3=0.598123
esmfold,T1147,3,0.9259070005109861,1.3597399555105182e-16,0.9259070005109862,0.9259070005109862,0.0,0.001,False,False,rep1=0.925907|rep2=0.925907|rep3=0.925907
esmfold,T1151s2,3,0.8262764632627646,0.0,0.8262764632627646,0.8262764632627646,0.0,0.001,False,False,rep1=0.826276|rep2=0.826276|rep3=0.826276
esmfold,T1155,3,0.6334919948074427,0.0,0.6334919948074427,0.6334919948074427,0.0,0.001,False,False,rep1=0.633492|rep2=0.633492|rep3=0.633492
esmfold,T1157s2,3,0.9094405594405596,0.0,0.9094405594405596,0.9094405594405596,0.0,0.001,False,False,rep1=0.909441|rep2=0.909441|rep3=0.909441
esmfold,T1159,3,0.7832506203473946,0.0,0.7832506203473946,0.7832506203473946,0.0,0.001,False,False,rep1=0.783251|rep2=0.783251|rep3=0.783251
esmfold,T1183,3,0.9523981806905106,0.0,0.9523981806905106,0.9523981806905106,0.0,0.001,False,False,rep1=0.952398|rep2=0.952398|rep3=0.952398
esmfold,T1185s1,3,0.8615642994241842,0.0,0.8615642994241842,0.8615642994241842,0.0,0.001,False,False,rep1=0.861564|rep2=0.861564|rep3=0.861564
esmfold,T1185s2,3,0.8442094944685617,0.0,0.8442094944685617,0.8442094944685617,0.0,0.001,False,False,rep1=0.844209|rep2=0.844209|rep3=0.844209
esmfold,T1185s4,3,0.8394804954705121,0.0,0.8394804954705121,0.8394804954705121,0.0,0.001,False,False,rep1=0.839480|rep2=0.839480|rep3=0.839480
esmfold,T1194,3,0.9531811185223192,0.0,0.9531811185223192,0.9531811185223192,0.0,0.001,False,False,rep1=0.953181|rep2=0.953181|rep3=0.953181
esmfold,T1212,3,0.745111152107739,1.3597399555105182e-16,0.7451111521077391,0.7451111521077391,0.0,0.001,False,False,rep1=0.745111|rep2=0.745111|rep3=0.745111
esmfold,T1227s1,3,0.8903933278418452,0.0,0.8903933278418452,0.8903933278418452,0.0,0.001,False,False,rep1=0.890393|rep2=0.890393|rep3=0.890393
esmfold,T1266,3,0.6546339139902014,0.0,0.6546339139902014,0.6546339139902014,0.0,0.001,False,False,rep1=0.654634|rep2=0.654634|rep3=0.654634
esmfold,T1272s2,3,0.8216148174788708,0.0,0.8216148174788708,0.8216148174788708,0.0,0.001,False,False,rep1=0.821615|rep2=0.821615|rep3=0.821615
esmfold,T1272s3,3,0.7729007633587787,0.0,0.7729007633587787,0.7729007633587787,0.0,0.001,False,False,rep1=0.772901|rep2=0.772901|rep3=0.772901
esmfold,T1272s4,3,0.8321615106468462,1.3597399555105182e-16,0.8321615106468461,0.8321615106468461,0.0,0.001,False,False,rep1=0.832162|rep2=0.832162|rep3=0.832162
esmfold,T1272s5,3,0.803357314148681,0.0,0.803357314148681,0.803357314148681,0.0,0.001,False,False,rep1=0.803357|rep2=0.803357|rep3=0.803357
esmfold,T1272s6,3,0.8484108265947888,0.0,0.8484108265947888,0.8484108265947888,0.0,0.001,False,False,rep1=0.848411|rep2=0.848411|rep3=0.848411
esmfold,T1272s7,3,0.7586206896551723,1.3597399555105182e-16,0.7586206896551724,0.7586206896551724,0.0,0.001,False,False,rep1=0.758621|rep2=0.758621|rep3=0.758621
esmfold,T1272s9,3,0.8360021350413666,1.3597399555105182e-16,0.8360021350413664,0.8360021350413664,0.0,0.001,False,False,rep1=0.836002|rep2=0.836002|rep3=0.836002
esmfold,T1280,3,0.953524336643334,0.0,0.953524336643334,0.953524336643334,0.0,0.001,False,False,rep1=0.953524|rep2=0.953524|rep3=0.953524
esmfold,T1299,3,0.9418510523475444,0.0,0.9418510523475444,0.9418510523475444,0.0,0.001,False,False,rep1=0.941851|rep2=0.941851|rep3=0.941851
omegafold,T1104,3,0.49497535077739857,6.798699777552591e-17,0.4949753507773985,0.4949753507773985,0.0,0.001,False,False,rep1=0.494975|rep2=0.494975|rep3=0.494975
omegafold,T1106s1,3,0.8194635488308116,0.0,0.8194635488308116,0.8194635488308116,0.0,0.001,False,False,rep1=0.819464|rep2=0.819464|rep3=0.819464
omegafold,T1106s2,3,0.920838823012736,0.0,0.920838823012736,0.920838823012736,0.0,0.001,False,False,rep1=0.920839|rep2=0.920839|rep3=0.920839
omegafold,T1112,3,0.8504222468651369,1.3597399555105182e-16,0.850422246865137,0.850422246865137,0.0,0.001,False,False,rep1=0.850422|rep2=0.850422|rep3=0.850422
omegafold,T1114s1,3,0.8254807692307692,1.3597399555105182e-16,0.8254807692307693,0.8254807692307693,0.0,0.001,False,False,rep1=0.825481|rep2=0.825481|rep3=0.825481
omegafold,T1114s2,3,0.6369101377286068,0.0,0.6369101377286068,0.6369101377286068,0.0,0.001,False,False,rep1=0.636910|rep2=0.636910|rep3=0.636910
omegafold,T1114s3,3,0.7343406103146748,0.0,0.7343406103146748,0.7343406103146748,0.0,0.001,False,False,rep1=0.734341|rep2=0.734341|rep3=0.734341
omegafold,T1120,3,0.8613421113421115,1.3597399555105182e-16,0.8613421113421114,0.8613421113421114,0.0,0.001,False,False,rep1=0.861342|rep2=0.861342|rep3=0.861342
omegafold,T1122,3,0.4713800904977376,0.0,0.4713800904977376,0.4713800904977376,0.0,0.001,False,False,rep1=0.471380|rep2=0.471380|rep3=0.471380
omegafold,T1129s2,3,0.1817129629629629,0.0,0.1817129629629629,0.1817129629629629,0.0,0.001,False,False,rep1=0.181713|rep2=0.181713|rep3=0.181713
omegafold,T1133,3,0.9042098980809844,0.0,0.9042098980809844,0.9042098980809844,0.0,0.001,False,False,rep1=0.904210|rep2=0.904210|rep3=0.904210
omegafold,T1134s1,3,0.900326221125022,0.0,0.900326221125022,0.900326221125022,0.0,0.001,False,False,rep1=0.900326|rep2=0.900326|rep3=0.900326
omegafold,T1134s2,3,0.8376785309453639,1.3597399555105182e-16,0.8376785309453638,0.8376785309453638,0.0,0.001,False,False,rep1=0.837679|rep2=0.837679|rep3=0.837679
omegafold,T1137s1,3,0.7733175355450236,1.3597399555105182e-16,0.7733175355450237,0.7733175355450237,0.0,0.001,False,False,rep1=0.773318|rep2=0.773318|rep3=0.773318
omegafold,T1137s2,3,0.8892586642184991,1.3597399555105182e-16,0.889258664218499,0.889258664218499,0.0,0.001,False,False,rep1=0.889259|rep2=0.889259|rep3=0.889259
omegafold,T1137s3,3,0.8892954601835772,0.0,0.8892954601835772,0.8892954601835772,0.0,0.001,False,False,rep1=0.889295|rep2=0.889295|rep3=0.889295
omegafold,T1137s4,3,0.7277087033747781,1.3597399555105182e-16,0.727708703374778,0.727708703374778,0.0,0.001,False,False,rep1=0.727709|rep2=0.727709|rep3=0.727709
omegafold,T1137s5,3,0.7986852510873863,0.0,0.7986852510873863,0.7986852510873863,0.0,0.001,False,False,rep1=0.798685|rep2=0.798685|rep3=0.798685
omegafold,T1137s6,3,0.7476889613920609,0.0,0.7476889613920609,0.7476889613920609,0.0,0.001,False,False,rep1=0.747689|rep2=0.747689|rep3=0.747689
omegafold,T1137s7,3,0.8146939840793422,1.3597399555105182e-16,0.8146939840793423,0.8146939840793423,0.0,0.001,False,False,rep1=0.814694|rep2=0.814694|rep3=0.814694
omegafold,T1137s8,3,0.9039977921463492,0.0,0.9039977921463492,0.9039977921463492,0.0,0.001,False,False,rep1=0.903998|rep2=0.903998|rep3=0.903998
omegafold,T1137s9,3,0.8730674087816945,0.0,0.8730674087816945,0.8730674087816945,0.0,0.001,False,False,rep1=0.873067|rep2=0.873067|rep3=0.873067
omegafold,T1145,3,0.4688973209152581,0.0,0.4688973209152581,0.4688973209152581,0.0,0.001,False,False,rep1=0.468897|rep2=0.468897|rep3=0.468897
omegafold,T1147,3,0.9048288196218702,0.0,0.9048288196218702,0.9048288196218702,0.0,0.001,False,False,rep1=0.904829|rep2=0.904829|rep3=0.904829
omegafold,T1151s2,3,0.8514943960149438,1.3597399555105182e-16,0.8514943960149439,0.8514943960149439,0.0,0.001,False,False,rep1=0.851494|rep2=0.851494|rep3=0.851494
omegafold,T1155,3,0.6075292081350065,0.0,0.6075292081350065,0.6075292081350065,0.0,0.001,False,False,rep1=0.607529|rep2=0.607529|rep3=0.607529
omegafold,T1157s2,3,0.8913752913752914,0.0,0.8913752913752914,0.8913752913752914,0.0,0.001,False,False,rep1=0.891375|rep2=0.891375|rep3=0.891375
omegafold,T1159,3,0.6449131513647643,0.0,0.6449131513647643,0.6449131513647643,0.0,0.001,False,False,rep1=0.644913|rep2=0.644913|rep3=0.644913
omegafold,T1183,3,0.8320239818069051,0.0,0.8320239818069051,0.8320239818069051,0.0,0.001,False,False,rep1=0.832024|rep2=0.832024|rep3=0.832024
omegafold,T1185s1,3,0.8416506717850286,1.3597399555105182e-16,0.8416506717850287,0.8416506717850287,0.0,0.001,False,False,rep1=0.841651|rep2=0.841651|rep3=0.841651
omegafold,T1185s2,3,0.8557975073519115,0.0,0.8557975073519115,0.8557975073519115,0.0,0.001,False,False,rep1=0.855798|rep2=0.855798|rep3=0.855798
omegafold,T1185s4,3,0.8254760584211499,0.0,0.8254760584211499,0.8254760584211499,0.0,0.001,False,False,rep1=0.825476|rep2=0.825476|rep3=0.825476
omegafold,T1194,3,0.8124679322729604,0.0,0.8124679322729604,0.8124679322729604,0.0,0.001,False,False,rep1=0.812468|rep2=0.812468|rep3=0.812468
omegafold,T1212,3,0.6748916151646527,0.0,0.6748916151646527,0.6748916151646527,0.0,0.001,False,False,rep1=0.674892|rep2=0.674892|rep3=0.674892
omegafold,T1227s1,3,0.7497940691927513,0.0,0.7497940691927513,0.7497940691927513,0.0,0.001,False,False,rep1=0.749794|rep2=0.749794|rep3=0.749794
omegafold,T1266,3,0.6492583015786608,0.0,0.6492583015786608,0.6492583015786608,0.0,0.001,False,False,rep1=0.649258|rep2=0.649258|rep3=0.649258
omegafold,T1272s2,3,0.7004585506203919,1.3597399555105182e-16,0.700458550620392,0.700458550620392,0.0,0.001,False,False,rep1=0.700459|rep2=0.700459|rep3=0.700459
omegafold,T1272s3,3,0.7495982322217758,0.0,0.7495982322217758,0.7495982322217758,0.0,0.001,False,False,rep1=0.749598|rep2=0.749598|rep3=0.749598
omegafold,T1272s4,3,0.8689232623543592,0.0,0.8689232623543592,0.8689232623543592,0.0,0.001,False,False,rep1=0.868923|rep2=0.868923|rep3=0.868923
omegafold,T1272s5,3,0.8004596322941647,0.0,0.8004596322941647,0.8004596322941647,0.0,0.001,False,False,rep1=0.800460|rep2=0.800460|rep3=0.800460
omegafold,T1272s6,3,0.7826538634321653,0.0,0.7826538634321653,0.7826538634321653,0.0,0.001,False,False,rep1=0.782654|rep2=0.782654|rep3=0.782654
omegafold,T1272s7,3,0.5318302387267904,0.0,0.5318302387267904,0.5318302387267904,0.0,0.001,False,False,rep1=0.531830|rep2=0.531830|rep3=0.531830
omegafold,T1272s9,3,0.8360021350413666,1.3597399555105182e-16,0.8360021350413664,0.8360021350413664,0.0,0.001,False,False,rep1=0.836002|rep2=0.836002|rep3=0.836002
omegafold,T1280,3,0.9525476151717402,0.0,0.9525476151717402,0.9525476151717402,0.0,0.001,False,False,rep1=0.952548|rep2=0.952548|rep3=0.952548
omegafold,T1299,3,0.946505666486778,0.0,0.946505666486778,0.946505666486778,0.0,0.001,False,False,rep1=0.946506|rep2=0.946506|rep3=0.946506
openfold,T1104,3,0.8577613449627101,0.04688725955833157,0.8046075085324231,0.8932499051952978,0.08864239666287466,0.001,False,True,rep1=0.875427|rep2=0.893250|rep3=0.804608
openfold,T1106s1,3,0.8739110499770747,0.004244270651438242,0.8703576341127923,0.8786107290233838,0.008253094910591452,0.001,False,True,rep1=0.872765|rep2=0.878611|rep3=0.870358
openfold,T1106s2,3,0.9468233055189575,0.0007789414673471171,0.9459815546772068,0.9475186649099692,0.0015371102327623731,0.001,False,True,rep1=0.945982|rep2=0.947519|rep3=0.946970
openfold,T1112,3,0.8870596263755012,0.00022162212841025206,0.8869316727800052,0.8873155335664933,0.0003838607864881105,0.001,False,False,rep1=0.887316|rep2=0.886932|rep3=0.886932
openfold,T1114s1,3,0.8657051282051281,0.0012099093646267185,0.864423076923077,0.8668269230769231,0.0024038461538461453,0.001,False,True,rep1=0.866827|rep2=0.865865|rep3=0.864423
openfold,T1114s2,3,0.9093474825016933,0.0006612877914800353,0.9089241363738992,0.9101095055317228,0.0011853691578235237,0.001,False,True,rep1=0.910110|rep2=0.909009|rep3=0.908924
openfold,T1114s3,3,0.9351664584696527,0.0020634224280229093,0.9338082208078043,0.9375408958420082,0.003732675034203825,0.001,False,True,rep1=0.937541|rep2=0.933808|rep3=0.934150
openfold,T1120,3,0.8932778932778933,0.006057152461400938,0.8864056364056364,0.8978401478401479,0.011434511434511463,0.001,False,True,rep1=0.886406|rep2=0.895588|rep3=0.897840
openfold,T1122,3,0.40414781297134234,0.011674670343487622,0.3948529411764706,0.4172511312217194,0.022398190045248845,0.001,False,True,rep1=0.400339|rep2=0.417251|rep3=0.394853
openfold,T1129s2,3,0.6893614969135803,0.023773549161451267,0.6650752314814814,0.7125868055555555,0.04751157407407414,0.001,False,True,rep1=0.690422|rep2=0.712587|rep3=0.665075
openfold,T1133,3,0.9158326446913353,0.00012642481285667241,0.91571021944725,0.915962721513176,0.0002525020659260857,0.001,False,False,rep1=0.915963|rep2=0.915825|rep3=0.915710
openfold,T1134s1,3,0.9402515723270439,0.001223544324232433,0.9389437488979016,0.94136836536766,0.002424616469758445,0.001,False,True,rep1=0.938944|rep2=0.940443|rep3=0.941368
openfold,T1134s2,3,0.8321809113579687,0.0005406592617415965,0.8318408524144185,0.8328043527544774,0.000963500340058876,0.001,False,False,rep1=0.832804|rep2=0.831841|rep3=0.831898
openfold,T1137s1,3,0.8915007898894155,0.012930689976745534,0.8766350710900475,0.9001421800947866,0.02350710900473918,0.001,False,True,rep1=0.900142|rep2=0.876635|rep3=0.897725
openfold,T1137s2,3,0.9330387881569887,0.0072830568094751965,0.924718843240762,0.9382602708285518,0.013541427587789756,0.001,False,True,rep1=0.938260|rep2=0.924719|rep3=0.936137
openfold,T1137s3,3,0.8989911519060613,0.004069874639567935,0.8964276854378567,0.9036839493922104,0.007256263954353748,0.001,False,True,rep1=0.896428|rep2=0.903684|rep3=0.896862
openfold,T1137s4,3,0.8528715216104205,0.0031892334852597617,0.8492451154529308,0.8552397868561279,0.005994671403197094,0.001,False,True,rep1=0.855240|rep2=0.849245|rep3=0.854130
openfold,T1137s5,3,0.9222518782127324,0.0005700159447741413,0.9217081850533808,0.922844998022934,0.001136812969553147,0.001,False,True,rep1=0.922845|rep2=0.921708|rep3=0.922202
openfold,T1137s6,3,0.9028004350190321,0.0005890882726118929,0.9022113467464202,0.903389523291644,0.0011781765452237858,0.001,False,True,rep1=0.902211|rep2=0.903390|rep3=0.902800
openfold,T1137s7,3,0.8777893775283832,0.0020769664677537723,0.8754078037322197,0.8792248466657967,0.003817042933576986,0.001,False,True,rep1=0.875408|rep2=0.878735|rep3=0.879225
openfold,T1137s8,3,0.9366030594543447,0.0002976594557352923,0.9362876517899386,0.9368790411607002,0.0005913893707616413,0.001,False,False,rep1=0.936879|rep2=0.936288|rep3=0.936642
openfold,T1137s9,3,0.935722016079159,0.0005054381891861606,0.9351422387136672,0.936069882498454,0.0009276437847868246,0.001,False,False,rep1=0.935142|rep2=0.935954|rep3=0.936070
openfold,T1145,3,0.9187938369552718,0.0008942359566690568,0.9181470622053582,0.9198143037829136,0.0016672415775553784,0.001,False,True,rep1=0.919814|rep2=0.918147|rep3=0.918420
openfold,T1147,3,0.9574603985692387,0.0009977324573208367,0.9563106796116504,0.9580991313234544,0.0017884517118039733,0.001,False,True,rep1=0.958099|rep2=0.956311|rep3=0.957971
openfold,T1151s2,3,0.8862079701120797,0.0015331347761202193,0.8844956413449564,0.887453300124533,0.002957658779576655,0.001,False,True,rep1=0.886675|rep2=0.884496|rep3=0.887453
openfold,T1155,3,0.6133347757103708,0.0017852147402980837,0.6118563392470793,0.6153180441367374,0.003461704889658135,0.001,False,True,rep1=0.611856|rep2=0.615318|rep3=0.612830
openfold,T1157s2,3,0.9097125097125097,0.005694344966139495,0.9056643356643356,0.9162237762237764,0.010559440559440803,0.001,False,True,rep1=0.905664|rep2=0.907249|rep3=0.916224
openfold,T1159,3,0.9609387923904054,0.0006120202062426687,0.9602357320099256,0.9613523573200992,0.0011166253101735357,0.001,False,True,rep1=0.961228|rep2=0.961352|rep3=0.960236
openfold,T1183,3,0.9534318792640066,0.0058732366039869165,0.9497105643994213,0.9602026049204052,0.010492040520983958,0.001,False,True,rep1=0.950382|rep2=0.960203|rep3=0.949711
openfold,T1185s1,3,0.8647632757517595,0.0008425826737725905,0.8639635316698656,0.8656429942418425,0.0016794625719769307,0.001,False,True,rep1=0.864683|rep2=0.863964|rep3=0.865643
openfold,T1185s2,3,0.8537553097138589,0.0019035210144265472,0.8524366335247163,0.855937543761378,0.0035009102366616585,0.001,False,True,rep1=0.852437|rep2=0.855938|rep3=0.852892
openfold,T1185s4,3,0.8753774573242127,0.0007528681655802985,0.8745146977260121,0.8759012756516916,0.001386577925679533,0.001,False,True,rep1=0.875716|rep2=0.874515|rep3=0.875901
openfold,T1194,3,0.9639772532922866,0.0034918991531359186,0.9601718830169316,0.9670343766033864,0.006862493586454854,0.001,False,True,rep1=0.964726|rep2=0.967034|rep3=0.960172
openfold,T1212,3,0.9302877963287518,0.0018650597034955663,0.928235402638133,0.9318789779540632,0.003643575315930181,0.001,False,True,rep1=0.930749|rep2=0.931879|rep3=0.928235
openfold,T1227s1,3,0.9095191515650741,0.0006466153566249559,0.9087726523887972,0.9099052718286657,0.0011326194398684208,0.001,False,True,rep1=0.909880|rep2=0.908773|rep3=0.909905
openfold,T1266,3,0.942569406641263,0.0003024018242146427,0.9423312465977136,0.9429096352749048,0.0005783886771911773,0.001,False,False,rep1=0.942331|rep2=0.942910|rep3=0.942467
openfold,T1272s2,3,0.8639633159503687,0.006633858372313294,0.8596925013486783,0.8716058262902355,0.01191332494155728,0.001,False,True,rep1=0.860592|rep2=0.871606|rep3=0.859693
openfold,T1272s3,3,0.8036694790411142,0.010525018653906657,0.7961028525512255,0.8156890317396545,0.019586179188428976,0.001,False,True,rep1=0.796103|rep2=0.815689|rep3=0.799217
openfold,T1272s4,3,0.8536895674300254,0.004581224514461719,0.8489353153877058,0.8580755323423062,0.009140216954600322,0.001,False,True,rep1=0.858076|rep2=0.854058|rep3=0.848935
openfold,T1272s5,3,0.8431921129762857,0.002548124893543171,0.8406274980015987,0.8457234212629896,0.005095923261390856,0.001,False,True,rep1=0.840627|rep2=0.843225|rep3=0.845723
openfold,T1272s6,3,0.8641247379454926,0.0006902288884206312,0.8633479335130279,0.8646675651392632,0.0013196316262353847,0.001,False,True,rep1=0.863348|rep2=0.864668|rep3=0.864359
openfold,T1272s7,3,0.760554818744474,0.001409963618719436,0.7591180371352785,0.7619363395225465,0.00281830238726799,0.001,False,True,rep1=0.760610|rep2=0.759118|rep3=0.761936
openfold,T1272s9,3,0.8766791210746375,0.004127125887787761,0.8719642380571124,0.8796370429677075,0.007672804910595077,0.001,False,True,rep1=0.879637|rep2=0.871964|rep3=0.878436
openfold,T1280,3,0.9313988821965381,0.006426003468587359,0.9244261761354388,0.9370828585381736,0.012656682402734876,0.001,False,True,rep1=0.924426|rep2=0.932688|rep3=0.937083
openfold,T1299,3,0.9503282964561972,0.0005816026783764508,0.9498111171073934,0.9509579060982192,0.0011467889908257645,0.001,False,True,rep1=0.950216|rep2=0.950958|rep3=0.949811
protenix,T1104,3,0.7971811401845533,0.031185751884450805,0.7691505498672735,0.8307736063708759,0.06162305650360245,0.001,False,True,rep1=0.791619|rep2=0.830774|rep3=0.769151
protenix,T1106s1,3,0.8895002292526364,0.00019853860701155737,0.8892709766162311,0.8896148555708391,0.0003438789546079679,0.001,False,False,rep1=0.889271|rep2=0.889615|rep3=0.889615
protenix,T1106s2,3,0.9539232908798128,0.00016771247602682856,0.9537768994290734,0.9541062801932368,0.00032938076416344497,0.001,False,False,rep1=0.954106|rep2=0.953777|rep3=0.953887
protenix,T1112,3,0.8918721032727687,0.00017237276654125732,0.8916872814126078,0.8920284910005971,0.0003412095879893329,0.001,False,False,rep1=0.891901|rep2=0.891687|rep3=0.892028
protenix,T1114s1,3,0.8307692307692308,0.0008327167344081111,0.8302884615384615,0.8317307692307692,0.0014423076923076872,0.001,False,True,rep1=0.830288|rep2=0.831731|rep3=0.830288
protenix,T1114s2,3,0.9402799729058477,0.00018507108050068295,0.9401106344547302,0.9404775344321517,0.0003668999774214532,0.001,False,False,rep1=0.940478|rep2=0.940111|rep3=0.940252
protenix,T1114s3,3,0.9374417544068367,0.00010961743495084508,0.9373178276128724,0.9375260246267324,0.0002081970138599898,0.001,False,False,rep1=0.937318|rep2=0.937481|rep3=0.937526
protenix,T1120,3,0.9186301686301684,0.00017325017325020564,0.9184569184569183,0.9188034188034188,0.0003465003465004113,0.001,False,False,rep1=0.918457|rep2=0.918630|rep3=0.918803
protenix,T1122,3,0.448604826546003,0.0065692075390683105,0.4418552036199095,0.4549773755656108,0.01312217194570131,0.001,False,True,rep1=0.448982|rep2=0.454977|rep3=0.441855
protenix,T1129s2,3,0.6638937114197532,0.003519591923128038,0.6604745370370371,0.667505787037037,0.007031249999999933,0.001,False,True,rep1=0.663701|rep2=0.660475|rep3=0.667506
protenix,T1133,3,0.9287867658311142,9.556817553326378e-05,0.9286796437425396,0.9288632816086676,0.0001836378661279614,0.001,False,False,rep1=0.928817|rep2=0.928863|rep3=0.928680
protenix,T1134s1,3,0.9645124316698994,0.0003328264166491939,0.9641597601833892,0.964821019220596,0.0006612590372068183,0.001,False,False,rep1=0.964821|rep2=0.964557|rep3=0.964160
protenix,T1134s2,3,0.8419292677397415,9.816656129947994e-05,0.8418725912491499,0.842042620720925,0.00017002947177502392,0.001,False,False,rep1=0.841873|rep2=0.842043|rep3=0.841873
protenix,T1137s1,3,0.8810426540284361,0.0003417584147358928,0.8806635071090048,0.8813270142180094,0.0006635071090046463,0.001,False,False,rep1=0.880664|rep2=0.881137|rep3=0.881327
protenix,T1137s2,3,0.887078264861143,0.0005099950893570745,0.8866766123479459,0.8876520541657104,0.0009754418177644331,0.001,False,False,rep1=0.886677|rep2=0.887652|rep3=0.886906
protenix,T1137s3,3,0.8813156371454561,0.0022620773283379084,0.8788141900272886,0.8832175638799306,0.004403373852642001,0.001,False,True,rep1=0.878814|rep2=0.883218|rep3=0.881915
protenix,T1137s4,3,0.8452930728241563,0.0017711963299448304,0.8432504440497336,0.8464031971580817,0.003152753108348061,0.001,False,True,rep1=0.846226|rep2=0.846403|rep3=0.843250
protenix,T1137s5,3,0.8917885857387637,0.003080487348758776,0.8890371688414394,0.8951166468960063,0.006079478054566989,0.001,False,True,rep1=0.889037|rep2=0.895117|rep3=0.891212
protenix,T1137s6,3,0.890973355084285,0.000770346202646377,0.8902030088816386,0.8917437012869314,0.001540692405292754,0.001,False,True,rep1=0.890973|rep2=0.890203|rep3=0.891744
protenix,T1137s7,3,0.8777893775283832,0.0008760094990276959,0.8767780242724781,0.8783113663056245,0.0015333420331463676,0.001,False,True,rep1=0.878279|rep2=0.876778|rep3=0.878311
protenix,T1137s8,3,0.9235662093255533,0.0004360684440688026,0.9231588077590284,0.9240261788361458,0.0008673710771174292,0.001,False,False,rep1=0.924026|rep2=0.923159|rep3=0.923514
protenix,T1137s9,3,0.9313543599257884,0.0,0.9313543599257884,0.9313543599257884,0.0,0.001,False,False,rep1=0.931354|rep2=0.931354|rep3=0.931354
protenix,T1145,3,0.9417471541911002,0.000846530661298519,0.9407698056801196,0.942250201218811,0.0014803955386913925,0.001,False,True,rep1=0.940770|rep2=0.942250|rep3=0.942221
protenix,T1147,3,0.9867995230795436,0.00019513607966940608,0.9865866121614716,0.986969851814001,0.00038323965252939907,0.001,False,False,rep1=0.986970|rep2=0.986842|rep3=0.986587
protenix,T1151s2,3,0.8858966376089663,0.00041185418914457285,0.8854296388542964,0.8862079701120797,0.0007783312577833712,0.001,False,False,rep1=0.886208|rep2=0.885430|rep3=0.886052
protenix,T1155,3,0.5940069234097792,0.00047153818082437405,0.5936823885763739,0.5945478147987884,0.0008654262224144782,0.001,False,False,rep1=0.593682|rep2=0.593791|rep3=0.594548
protenix,T1157s2,3,0.9074825174825175,0.00010681994626948126,0.9073659673659672,0.9075757575757576,0.00020979020979039475,0.001,False,False,rep1=0.907506|rep2=0.907576|rep3=0.907366
protenix,T1159,3,0.9724772539288669,0.00018951925951017734,0.9722704714640198,0.9726426799007444,0.0003722084367245859,0.001,False,False,rep1=0.972519|rep2=0.972270|rep3=0.972643
protenix,T1183,3,0.9621149472813727,0.0006351150365642384,0.9616497829232996,0.96283853628282,0.0011887533595204003,0.001,False,True,rep1=0.961650|rep2=0.962839|rep3=0.961857
protenix,T1185s1,3,0.8476487523992322,0.0,0.8476487523992322,0.8476487523992322,0.0,0.001,False,False,rep1=0.847649|rep2=0.847649|rep3=0.847649
protenix,T1185s2,3,0.840288475003501,9.262537848574667e-05,0.840183447696401,0.8403584932082342,0.00017504551183322725,0.001,False,False,rep1=0.840323|rep2=0.840183|rep3=0.840358
protenix,T1185s4,3,0.8694613915079805,0.0001623167214034323,0.8692919208726196,0.8696154557219449,0.00032353484932523546,0.001,False,False,rep1=0.869477|rep2=0.869615|rep3=0.869292
protenix,T1194,3,0.9770608859244057,0.00024281291028733313,0.9767829656233966,0.9772319138019496,0.0004489481785530103,0.001,False,False,rep1=0.977232|rep2=0.977168|rep3=0.976783
protenix,T1212,3,0.9199950804046367,3.522565334501571e-05,0.919956646065861,0.9200258278756572,6.918180979620381e-05,0.001,False,False,rep1=0.920026|rep2=0.920003|rep3=0.919957
protenix,T1227s1,3,0.9119817408017573,0.0001999447452934061,0.9117586490939044,0.912144769357496,0.0003861202635916383,0.001,False,False,rep1=0.912145|rep2=0.912042|rep3=0.911759
protenix,T1266,3,0.9568590092542189,0.00014830222317434175,0.9567569406641264,0.9570291235710398,0.0002721829069133319,0.001,False,False,rep1=0.956791|rep2=0.956757|rep3=0.957029
protenix,T1272s2,3,0.8668704669423964,0.005126226146123405,0.8609512677575976,0.8698525445063837,0.008901276748786158,0.001,False,True,rep1=0.860951|rep2=0.869808|rep3=0.869853
protenix,T1272s3,3,0.761718226864872,0.0025830054268093892,0.7598433105664927,0.7646645239051828,0.004821213338690122,0.001,False,True,rep1=0.764665|rep2=0.760647|rep3=0.759843
protenix,T1272s4,3,0.816894335074327,0.0008756325720250209,0.8158899156287666,0.8174969867416633,0.0016070711128967075,0.001,False,True,rep1=0.817497|rep2=0.817296|rep3=0.815890
protenix,T1272s5,3,0.7722155608846256,0.0019639652261930598,0.7699840127897682,0.7736810551558753,0.0036970423661070173,0.001,False,True,rep1=0.772982|rep2=0.769984|rep3=0.773681
protenix,T1272s6,3,0.8701332734351602,0.0001826821400115027,0.8699460916442048,0.8703110961365679,0.00036500449236309684,0.001,False,False,rep1=0.870311|rep2=0.870143|rep3=0.869946
protenix,T1272s7,3,0.736737400530504,0.0008289124668434678,0.7359084880636605,0.7375663129973474,0.0016578249336869355,0.001,False,True,rep1=0.736737|rep2=0.735908|rep3=0.737566
protenix,T1272s9,3,0.8668712747976158,0.00010191654868243924,0.8667600747264478,0.8669602348545503,0.00020016012810253336,0.001,False,False,rep1=0.866960|rep2=0.866760|rep3=0.866894
protenix,T1280,3,0.9644853220467743,0.0001540753254598582,0.9643089695588476,0.964593846654729,0.0002848770958814306,0.001,False,False,rep1=0.964309|rep2=0.964594|rep3=0.964553
protenix,T1299,3,0.9452239611440906,0.0003091321974471725,0.944886670264436,0.9454937938478144,0.0006071235833784439,0.001,False,False,rep1=0.944887|rep2=0.945291|rep3=0.945494
