target_id,pdb_id,chain_id,reference_pdb,should_use,target_qc_status
T1104,7ROA,A,data/references/7ROA_chainA.pdb,Yes,Yes
T1106s1,7QIH,B,data/references/7QIH_chainB.pdb,No,No
T1106s2,7QIH,A,data/references/7QIH_chainA.pdb,Check,Check
T1112,8ORK,A,data/references/8ORK_chainAAA.pdb,Check,Check
T1114s1,7UTD,Q,data/references/7UTD_chainQ.pdb,No,No
T1114s2,7UTD,B,data/references/7UTD_chainB.pdb,Check,Check
T1114s3,7UTD,A,data/references/7UTD_chainA.pdb,Check,Check
T1120,7QVB,B,data/references/7QVB_chainB.pdb,Check,Check
T1122,8BBT,A,data/references/8BBT_chainA.pdb,Yes,Yes
