domain_id,target_id,model,prediction,score_success,score_error,gdt_ts,lddt_ca,tm_score,rmsd_ca,gdc_sc,global_lddt,molprobity,tmalign_tm_score_ref,tmalign_rmsd,n_aligned_ca
T1104,T1104,boltz,rank_001.pdb,true,,0.1978,0.502464922260144,0.71155,4.7167367478243385,,,,0.71155,2.73,115
T1104,T1104,boltz2,rank_001.pdb,true,,0.1826,0.4961130072051574,0.72402,4.497189667740517,,,,0.72402,2.8,115
T1104,T1104,af2,rank_001.pdb,true,,0.1913,0.48255593477436487,0.90354,4.521614311866721,,,,0.90354,1.67,115
T1104,T1104,esmfold,rank_001.pdb,true,,0.1957,0.47819491846795603,0.87951,4.582658038223173,,,,0.87951,1.84,115
T1104,T1104,openfold,rank_001.pdb,true,,0.187,0.4251042851725445,0.60404,6.046249269509129,,,,0.60404,3.95,115
T1104,T1104,chai1,rank_001.pdb,true,,0.1848,0.386518771331058,0.52056,9.568993298142953,,,,0.52056,3.87,115
T1104,T1104,omegafold,rank_001.pdb,true,,0.2087,0.37627986348122866,0.47206,12.687786169752496,,,,0.47206,3.66,115
T1104,T1104,colabfold,rank_001.pdb,true,,0.2043,0.34328782707622296,0.38509,15.035749065662623,,,,0.38509,3.87,115
T1106s1,T1106s1,boltz,rank_001.pdb,true,,0.5069,0.47936726272352126,0.49637,13.459014698185676,,,,0.49637,2.62,71
T1106s1,T1106s1,esmfold,rank_001.pdb,true,,0.4722,0.46767537826685013,0.50195,9.45662486232462,,,,0.50195,2.86,71
T1106s1,T1106s1,omegafold,rank_001.pdb,true,,0.3576,0.4621733149931224,0.45782,8.937569573028593,,,,0.45782,1.9,71
T1106s1,T1106s1,boltz2,rank_001.pdb,true,,0.3264,0.46011004126547456,0.37485,14.753681892413175,,,,0.37485,2.2,71
T1106s1,T1106s1,openfold,rank_001.pdb,true,,0.5556,0.4305364511691884,0.55388,11.071437473402566,,,,0.55388,2.46,71
T1106s1,T1106s1,colabfold,rank_001.pdb,true,,0.4861,0.4291609353507565,0.51586,11.921878731418596,,,,0.51586,2.74,71
T1106s1,T1106s1,af2,rank_001.pdb,true,,0.7118,0.35557083906464926,0.67581,19.470218297171257,,,,0.67581,3.23,71
T1106s1,T1106s1,chai1,rank_001.pdb,true,,0.4757,0.33837689133425036,0.47241,16.378685164647294,,,,0.47241,2.88,71
T1106s2,T1106s2,esmfold,rank_001.pdb,true,,0.9459,0.5709266578831796,0.94424,3.7890202238102737,,,,0.94424,1.06,111
T1106s2,T1106s2,omegafold,rank_001.pdb,true,,0.482,0.5709266578831795,0.91283,4.205300164038342,,,,0.91283,1.46,111
T1106s2,T1106s2,chai1,rank_001.pdb,true,,0.9505,0.5697189284145806,0.94684,3.8313068320090062,,,,0.94684,1.28,111
T1106s2,T1106s2,af2,rank_001.pdb,true,,0.9347,0.5697189284145805,0.93831,3.8286451349303103,,,,0.93831,1.13,111
T1106s2,T1106s2,boltz2,rank_001.pdb,true,,0.8806,0.5692797540623628,0.9073,3.8487209856043414,,,,0.9073,1.46,111
T1106s2,T1106s2,boltz,rank_001.pdb,true,,0.9369,0.5654369784804567,0.93246,3.760654454145308,,,,0.93246,1.18,111
T1106s2,T1106s2,openfold,rank_001.pdb,true,,0.4144,0.4980237154150198,0.41926,13.337489153738167,,,,0.41926,3.64,111
T1106s2,T1106s2,colabfold,rank_001.pdb,true,,0.3896,0.46256038647342995,0.41297,12.499907889082019,,,,0.41297,3.77,111
T1112,T1112,boltz2,rank_001.pdb,true,,0.415,0.2885353578435554,0.71219,13.845732007593384,,,,0.71219,4.44,448
T1112,T1112,boltz,rank_001.pdb,true,,0.3371,0.28763968267508316,0.61331,14.635996037360485,,,,0.61331,5.08,448
T1112,T1112,omegafold,rank_001.pdb,true,,0.3519,0.28593363473513606,0.84035,13.533583867308716,,,,0.84035,2.79,448
T1112,T1112,esmfold,rank_001.pdb,true,,0.6071,0.28260684125223917,0.8147,13.584416607080327,,,,0.8147,3.21,448
T1112,T1112,af2,rank_001.pdb,true,,0.709,0.28241491085899517,0.83876,13.52768299059217,,,,0.83876,2.82,448
T1112,T1112,chai1,rank_001.pdb,true,,0.6127,0.2811353749040348,0.81922,13.614218173043623,,,,0.81922,3.08,448
T1112,T1112,colabfold,rank_001.pdb,true,,0.1081,0.20570673035912307,0.28445,25.65332180105971,,,,0.28445,6.97,448
T1112,T1112,openfold,rank_001.pdb,true,,0.085,0.1965580482811567,0.23912,25.08949003566325,,,,0.23912,7.36,448
T1114s1,T1114s1,boltz,rank_001.pdb,true,,0.5339,0.708173076923077,0.41311,13.746894300260061,,,,0.41311,2.17,59
T1114s1,T1114s1,colabfold,rank_001.pdb,true,,0.589,0.6673076923076923,0.53771,10.246584419665618,,,,0.53771,2.25,59
T1114s1,T1114s1,openfold,rank_001.pdb,true,,0.6017,0.6625,0.56785,11.33192784982195,,,,0.56785,1.42,59
T1114s1,T1114s1,omegafold,rank_001.pdb,true,,0.5381,0.6615384615384615,0.60494,11.174680097334141,,,,0.60494,2.81,59
T1114s1,T1114s1,boltz2,rank_001.pdb,true,,0.4407,0.6581730769230769,0.45474,19.113948135814876,,,,0.45474,2.83,59
T1114s1,T1114s1,esmfold,rank_001.pdb,true,,0.7458,0.6302884615384615,0.5825,12.345452898564373,,,,0.5825,2.56,59
T1114s1,T1114s1,af2,rank_001.pdb,true,,0.7881,0.6139423076923077,0.6865,11.019127795097527,,,,0.6865,1.92,59
T1114s1,T1114s1,chai1,rank_001.pdb,true,,0.5678,0.5951923076923077,0.50975,12.949336009271121,,,,0.50975,3.47,59
T1114s2,T1114s2,boltz2,rank_001.pdb,true,,0.0846,0.21934974034770827,0.44833,18.95459839663102,,,,0.44833,4.95,322
T1114s2,T1114s2,boltz,rank_001.pdb,true,,0.0699,0.2015127568299842,0.44893,19.642530466993293,,,,0.44893,5.19,322
T1114s2,T1114s2,chai1,rank_001.pdb,true,,0.073,0.19942424926620006,0.80381,20.464892738589683,,,,0.80381,2.47,322
T1114s2,T1114s2,esmfold,rank_001.pdb,true,,0.0637,0.19202980356739668,0.78027,21.360231412366662,,,,0.78027,2.56,322
T1114s2,T1114s2,omegafold,rank_001.pdb,true,,0.0784,0.18954617295100473,0.66751,21.524044088263718,,,,0.66751,4.08,322
T1114s2,T1114s2,af2,rank_001.pdb,true,,0.066,0.18788101151501468,0.97891,22.56975710739687,,,,0.97891,1.03,322
T1114s2,T1114s2,openfold,rank_001.pdb,true,,0.0598,0.14752201399864528,0.25801,23.694554109458227,,,,0.25801,7.43,322
T1114s2,T1114s2,colabfold,rank_001.pdb,true,,0.0528,0.14218785278843982,0.23968,23.132229937930248,,,,0.23968,7.11,322
T1114s3,T1114s3,af2,rank_001.pdb,true,,0.9585,0.28801082624472074,0.98861,8.696175156429433,,,,0.98861,0.92,512
T1114s3,T1114s3,esmfold,rank_001.pdb,true,,0.8955,0.28634525013384093,0.96363,8.713869243888485,,,,0.96363,1.6,512
T1114s3,T1114s3,chai1,rank_001.pdb,true,,0.8872,0.2863006364880138,0.9485,8.857672002192922,,,,0.9485,2.06,512
T1114s3,T1114s3,omegafold,rank_001.pdb,true,,0.3838,0.27880554398905477,0.8962,9.185286608035199,,,,0.8962,3.1,512
T1114s3,T1114s3,boltz,rank_001.pdb,true,,0.0679,0.1942775563619059,0.30236,24.5701299780989,,,,0.30236,7.08,512
T1114s3,T1114s3,boltz2,rank_001.pdb,true,,0.0991,0.19152638153589913,0.29582,21.4625247662808,,,,0.29582,7.83,512
T1114s3,T1114s3,openfold,rank_001.pdb,true,,0.062,0.15262328237463565,0.23206,29.645205298034785,,,,0.23206,7.76,512
T1114s3,T1114s3,colabfold,rank_001.pdb,true,,0.0664,0.14764142525727203,0.23223,32.4978852022087,,,,0.23223,7.59,512
T1120,T1120,omegafold,rank_001.pdb,true,,0.2182,0.38103488103488103,0.51146,13.783292757809452,,,,0.51146,3.85,228
T1120,T1120,chai1,rank_001.pdb,true,,0.2171,0.3787826287826288,0.53154,12.657689491590117,,,,0.53154,3.65,228
T1120,T1120,af2,rank_001.pdb,true,,0.2303,0.3787248787248787,0.52015,12.409537970498855,,,,0.52015,4.94,228
T1120,T1120,esmfold,rank_001.pdb,true,,0.227,0.3713906213906214,0.55446,12.343107714777604,,,,0.55446,5.39,228
T1120,T1120,boltz2,rank_001.pdb,true,,0.1513,0.32634557634557637,0.33989,21.540604694498608,,,,0.33989,3.94,228
T1120,T1120,boltz,rank_001.pdb,true,,0.1393,0.3225340725340725,0.30193,21.615647149756327,,,,0.30193,4.56,228
T1120,T1120,colabfold,rank_001.pdb,true,,0.1513,0.3198775698775699,0.43059,24.794088884609508,,,,0.43059,4.35,228
T1120,T1120,openfold,rank_001.pdb,true,,0.1338,0.2869022869022869,0.35577,26.544915982011815,,,,0.35577,4.02,228
T1122,T1122,chai1,rank_001.pdb,true,,0.363,0.4114253393665158,0.49624,18.703923848352687,,,,0.49624,3.72,230
T1122,T1122,omegafold,rank_001.pdb,true,,0.2152,0.3839932126696832,0.41387,16.325669099712584,,,,0.41387,4.67,230
T1122,T1122,boltz2,rank_001.pdb,true,,0.2174,0.38076923076923075,0.33108,18.766644774714813,,,,0.33108,4.96,230
T1122,T1122,esmfold,rank_001.pdb,true,,0.362,0.37369909502262444,0.45193,15.619125997058596,,,,0.45193,4.85,230
T1122,T1122,boltz,rank_001.pdb,true,,0.225,0.3696266968325792,0.33576,20.20593227546675,,,,0.33576,5.41,230
T1122,T1122,colabfold,rank_001.pdb,true,,0.2174,0.3494909502262443,0.37213,18.946421785619055,,,,0.37213,5.02,230
T1122,T1122,af2,rank_001.pdb,true,,0.2043,0.34683257918552035,0.36131,18.26702497754136,,,,0.36131,4.87,230
T1122,T1122,openfold,rank_001.pdb,true,,0.2207,0.3376696832579186,0.37173,23.53705002181899,,,,0.37173,5.16,230
